{
  "version": "1.0",
  "workerIdList": [
    -1,
    2,
    0,
    1
  ],
  "metrics": [
    {
      "type": "build_line",
      "endTime": 1699231927792,
      "status": "closed",
      "children": [],
      "name": "overallTime",
      "taskName": "init",
      "taskPath": "entry",
      "workerId": -1,
      "startTime": 1699231927782
    },
    {
      "type": "build_line",
      "endTime": 1699231927807,
      "status": "closed",
      "children": [],
      "name": "overallTime",
      "taskName": "init",
      "taskPath": "tiaozhuan",
      "workerId": -1,
      "startTime": 1699231927807
    },
    {
      "type": "build_line",
      "endTime": 1699235989908,
      "status": "closed",
      "children": [],
      "name": "overallTime",
      "taskName": "default@PreBuild",
      "taskPath": "entry",
      "workerId": -1,
      "startTime": 1699235989395
    },
    {
      "type": "build_line",
      "endTime": 1699235990003,
      "status": "closed",
      "children": [],
      "name": "overallTime",
      "taskName": "default@GenerateMetadata",
      "taskPath": "entry",
      "workerId": -1,
      "startTime": 1699235989929
    },
    {
      "type": "build_line",
      "endTime": 1699235990044,
      "status": "closed",
      "children": [],
      "name": "overallTime",
      "taskName": "default@MergeProfile",
      "taskPath": "entry",
      "workerId": -1,
      "startTime": 1699235990034
    },
    {
      "type": "build_line",
      "endTime": 1699235990053,
      "status": "closed",
      "children": [],
      "name": "overallTime",
      "taskName": "default@BuildNativeWithCmake",
      "taskPath": "entry",
      "workerId": -1,
      "startTime": 1699235990053
    },
    {
      "type": "build_line",
      "endTime": 1699235990068,
      "status": "closed",
      "children": [],
      "name": "overallTime",
      "taskName": "default@GenerateLoaderJson",
      "taskPath": "entry",
      "workerId": -1,
      "startTime": 1699235990059
    },
    {
      "type": "build_line",
      "endTime": 1699235990094,
      "status": "closed",
      "children": [],
      "name": "overallTime",
      "taskName": "default@MakePackInfo",
      "taskPath": "entry",
      "workerId": -1,
      "startTime": 1699235990070
    },
    {
      "type": "build_line",
      "endTime": 1699235990449,
      "status": "closed",
      "children": [],
      "name": "overallTime",
      "taskName": "default@ProcessProfile",
      "taskPath": "entry",
      "workerId": -1,
      "startTime": 1699235990100
    },
    {
      "type": "build_line",
      "endTime": 1699235990457,
      "status": "closed",
      "children": [],
      "name": "overallTime",
      "taskName": "default@BuildNativeWithNinja",
      "taskPath": "entry",
      "workerId": -1,
      "startTime": 1699235990452
    },
    {
      "type": "build_line",
      "endTime": 1699235990470,
      "status": "closed",
      "children": [],
      "name": "overallTime",
      "taskName": "default@ProcessResource",
      "taskPath": "entry",
      "workerId": -1,
      "startTime": 1699235990460
    },
    {
      "type": "build_line",
      "endTime": 1699235990488,
      "status": "closed",
      "children": [],
      "name": "overallTime",
      "taskName": "default@ProcessLibs",
      "taskPath": "entry",
      "workerId": -1,
      "startTime": 1699235990472
    },
    {
      "type": "build_line",
      "endTime": 1699235990817,
      "status": "closed",
      "children": [],
      "name": "overallTime",
      "taskName": "default@CompileResource",
      "taskPath": "entry",
      "workerId": -1,
      "startTime": 1699235990490
    },
    {
      "type": "build_line",
      "endTime": 1699235990878,
      "status": "closed",
      "children": [],
      "name": "overallTime",
      "taskName": "default@CompileJS",
      "taskPath": "entry",
      "workerId": -1,
      "startTime": 1699235990866
    },
    {
      "type": "build_line",
      "endTime": 1699236003648,
      "status": "closed",
      "children": [],
      "name": "overallTime",
      "taskName": "default@CompileArkTS",
      "taskPath": "entry",
      "workerId": 2,
      "startTime": 1699235990864
    },
    {
      "type": "default",
      "endTime": 1699236003649,
      "status": "closed",
      "children": [
        {
          "type": "build_line",
          "endTime": 1699236003648,
          "status": "closed",
          "children": [],
          "name": "overallTime",
          "taskName": "default@CompileArkTS",
          "taskPath": "entry",
          "workerId": 2,
          "startTime": 1699235990864
        }
      ],
      "name": "overallTime",
      "taskName": "default@CompileArkTS",
      "taskPath": "entry",
      "workerId": -1,
      "startTime": 1699235990819
    },
    {
      "type": "build_line",
      "endTime": 1699236008035,
      "status": "closed",
      "children": [],
      "name": "overallTime",
      "taskName": "default@PackageHap",
      "taskPath": "entry",
      "workerId": 2,
      "startTime": 1699236003804
    },
    {
      "type": "default",
      "endTime": 1699236008035,
      "status": "closed",
      "children": [
        {
          "type": "build_line",
          "endTime": 1699236008035,
          "status": "closed",
          "children": [],
          "name": "overallTime",
          "taskName": "default@PackageHap",
          "taskPath": "entry",
          "workerId": 2,
          "startTime": 1699236003804
        }
      ],
      "name": "overallTime",
      "taskName": "default@PackageHap",
      "taskPath": "entry",
      "workerId": -1,
      "startTime": 1699236003662
    },
    {
      "type": "build_line",
      "endTime": 1699236017193,
      "status": "closed",
      "children": [],
      "name": "overallTime",
      "taskName": "default@SignHap",
      "taskPath": "entry",
      "workerId": -1,
      "startTime": 1699236008041
    },
    {
      "type": "build_line",
      "endTime": 1699236017197,
      "status": "closed",
      "children": [],
      "name": "overallTime",
      "taskName": "assembleHap",
      "taskPath": "entry",
      "workerId": -1,
      "startTime": 1699236017196
    },
    {
      "type": "build_line",
      "endTime": 1699237261507,
      "status": "closed",
      "children": [],
      "name": "overallTime",
      "taskName": "default@PreBuild",
      "taskPath": "entry",
      "workerId": -1,
      "startTime": 1699237261479
    },
    {
      "type": "build_line",
      "endTime": 1699237261524,
      "status": "closed",
      "children": [],
      "name": "overallTime",
      "taskName": "default@GenerateMetadata",
      "taskPath": "entry",
      "workerId": -1,
      "startTime": 1699237261512
    },
    {
      "type": "build_line",
      "endTime": 1699237261543,
      "status": "closed",
      "children": [],
      "name": "overallTime",
      "taskName": "default@MergeProfile",
      "taskPath": "entry",
      "workerId": -1,
      "startTime": 1699237261536
    },
    {
      "type": "build_line",
      "endTime": 1699237261549,
      "status": "closed",
      "children": [],
      "name": "overallTime",
      "taskName": "default@BuildNativeWithCmake",
      "taskPath": "entry",
      "workerId": -1,
      "startTime": 1699237261548
    },
    {
      "type": "build_line",
      "endTime": 1699237261557,
      "status": "closed",
      "children": [],
      "name": "overallTime",
      "taskName": "default@GenerateLoaderJson",
      "taskPath": "entry",
      "workerId": -1,
      "startTime": 1699237261552
    },
    {
      "type": "build_line",
      "endTime": 1699237261573,
      "status": "closed",
      "children": [],
      "name": "overallTime",
      "taskName": "default@MakePackInfo",
      "taskPath": "entry",
      "workerId": -1,
      "startTime": 1699237261558
    },
    {
      "type": "build_line",
      "endTime": 1699237261793,
      "status": "closed",
      "children": [],
      "name": "overallTime",
      "taskName": "default@ProcessProfile",
      "taskPath": "entry",
      "workerId": -1,
      "startTime": 1699237261576
    },
    {
      "type": "build_line",
      "endTime": 1699237261795,
      "status": "closed",
      "children": [],
      "name": "overallTime",
      "taskName": "default@BuildNativeWithNinja",
      "taskPath": "entry",
      "workerId": -1,
      "startTime": 1699237261795
    },
    {
      "type": "build_line",
      "endTime": 1699237261802,
      "status": "closed",
      "children": [],
      "name": "overallTime",
      "taskName": "default@ProcessResource",
      "taskPath": "entry",
      "workerId": -1,
      "startTime": 1699237261796
    },
    {
      "type": "build_line",
      "endTime": 1699237261806,
      "status": "closed",
      "children": [],
      "name": "overallTime",
      "taskName": "default@ProcessLibs",
      "taskPath": "entry",
      "workerId": -1,
      "startTime": 1699237261802
    },
    {
      "type": "build_line",
      "endTime": 1699237262068,
      "status": "closed",
      "children": [],
      "name": "overallTime",
      "taskName": "default@CompileResource",
      "taskPath": "entry",
      "workerId": -1,
      "startTime": 1699237261807
    },
    {
      "type": "build_line",
      "endTime": 1699237262146,
      "status": "closed",
      "children": [],
      "name": "overallTime",
      "taskName": "default@CompileJS",
      "taskPath": "entry",
      "workerId": -1,
      "startTime": 1699237262136
    },
    {
      "type": "build_line",
      "endTime": 1699237271208,
      "status": "closed",
      "children": [],
      "name": "overallTime",
      "taskName": "default@CompileArkTS",
      "taskPath": "entry",
      "workerId": 0,
      "startTime": 1699237262135
    },
    {
      "type": "default",
      "endTime": 1699237271208,
      "status": "closed",
      "children": [
        {
          "type": "build_line",
          "endTime": 1699237271208,
          "status": "closed",
          "children": [],
          "name": "overallTime",
          "taskName": "default@CompileArkTS",
          "taskPath": "entry",
          "workerId": 0,
          "startTime": 1699237262135
        }
      ],
      "name": "overallTime",
      "taskName": "default@CompileArkTS",
      "taskPath": "entry",
      "workerId": -1,
      "startTime": 1699237262070
    },
    {
      "type": "build_line",
      "endTime": 1699237274515,
      "status": "closed",
      "children": [],
      "name": "overallTime",
      "taskName": "default@PackageHap",
      "taskPath": "entry",
      "workerId": 1,
      "startTime": 1699237271226
    },
    {
      "type": "default",
      "endTime": 1699237274515,
      "status": "closed",
      "children": [
        {
          "type": "build_line",
          "endTime": 1699237274515,
          "status": "closed",
          "children": [],
          "name": "overallTime",
          "taskName": "default@PackageHap",
          "taskPath": "entry",
          "workerId": 1,
          "startTime": 1699237271226
        }
      ],
      "name": "overallTime",
      "taskName": "default@PackageHap",
      "taskPath": "entry",
      "workerId": -1,
      "startTime": 1699237271212
    },
    {
      "type": "build_line",
      "endTime": 1699237282241,
      "status": "closed",
      "children": [],
      "name": "overallTime",
      "taskName": "default@SignHap",
      "taskPath": "entry",
      "workerId": -1,
      "startTime": 1699237274518
    },
    {
      "type": "build_line",
      "endTime": 1699237282243,
      "status": "closed",
      "children": [],
      "name": "overallTime",
      "taskName": "assembleHap",
      "taskPath": "entry",
      "workerId": -1,
      "startTime": 1699237282243
    },
    {
      "type": "build_line",
      "endTime": 1699237613581,
      "status": "closed",
      "children": [],
      "name": "overallTime",
      "taskName": "default@PreBuild",
      "taskPath": "entry",
      "workerId": -1,
      "startTime": 1699237613572
    },
    {
      "type": "build_line",
      "endTime": 1699237613625,
      "status": "closed",
      "children": [],
      "name": "overallTime",
      "taskName": "default@GenerateMetadata",
      "taskPath": "entry",
      "workerId": -1,
      "startTime": 1699237613602
    },
    {
      "type": "build_line",
      "endTime": 1699237613662,
      "status": "closed",
      "children": [],
      "name": "overallTime",
      "taskName": "default@MergeProfile",
      "taskPath": "entry",
      "workerId": -1,
      "startTime": 1699237613655
    },
    {
      "type": "build_line",
      "endTime": 1699237613669,
      "status": "closed",
      "children": [],
      "name": "overallTime",
      "taskName": "default@BuildNativeWithCmake",
      "taskPath": "entry",
      "workerId": -1,
      "startTime": 1699237613669
    },
    {
      "type": "build_line",
      "endTime": 1699237613678,
      "status": "closed",
      "children": [],
      "name": "overallTime",
      "taskName": "default@GenerateLoaderJson",
      "taskPath": "entry",
      "workerId": -1,
      "startTime": 1699237613673
    },
    {
      "type": "build_line",
      "endTime": 1699237613691,
      "status": "closed",
      "children": [],
      "name": "overallTime",
      "taskName": "default@MakePackInfo",
      "taskPath": "entry",
      "workerId": -1,
      "startTime": 1699237613680
    },
    {
      "type": "build_line",
      "endTime": 1699237613701,
      "status": "closed",
      "children": [],
      "name": "overallTime",
      "taskName": "default@ProcessProfile",
      "taskPath": "entry",
      "workerId": -1,
      "startTime": 1699237613696
    },
    {
      "type": "build_line",
      "endTime": 1699237613703,
      "status": "closed",
      "children": [],
      "name": "overallTime",
      "taskName": "default@BuildNativeWithNinja",
      "taskPath": "entry",
      "workerId": -1,
      "startTime": 1699237613703
    },
    {
      "type": "build_line",
      "endTime": 1699237613712,
      "status": "closed",
      "children": [],
      "name": "overallTime",
      "taskName": "default@ProcessResource",
      "taskPath": "entry",
      "workerId": -1,
      "startTime": 1699237613706
    },
    {
      "type": "build_line",
      "endTime": 1699237613717,
      "status": "closed",
      "children": [],
      "name": "overallTime",
      "taskName": "default@ProcessLibs",
      "taskPath": "entry",
      "workerId": -1,
      "startTime": 1699237613713
    },
    {
      "type": "build_line",
      "endTime": 1699237613744,
      "status": "closed",
      "children": [],
      "name": "overallTime",
      "taskName": "default@CompileResource",
      "taskPath": "entry",
      "workerId": -1,
      "startTime": 1699237613718
    },
    {
      "type": "build_line",
      "endTime": 1699237613781,
      "status": "closed",
      "children": [],
      "name": "overallTime",
      "taskName": "default@CompileJS",
      "taskPath": "entry",
      "workerId": -1,
      "startTime": 1699237613771
    },
    {
      "type": "build_line",
      "endTime": 1699237623085,
      "status": "closed",
      "children": [],
      "name": "overallTime",
      "taskName": "default@CompileArkTS",
      "taskPath": "entry",
      "workerId": 0,
      "startTime": 1699237613770
    },
    {
      "type": "default",
      "endTime": 1699237623085,
      "status": "closed",
      "children": [
        {
          "type": "build_line",
          "endTime": 1699237623085,
          "status": "closed",
          "children": [],
          "name": "overallTime",
          "taskName": "default@CompileArkTS",
          "taskPath": "entry",
          "workerId": 0,
          "startTime": 1699237613770
        }
      ],
      "name": "overallTime",
      "taskName": "default@CompileArkTS",
      "taskPath": "entry",
      "workerId": -1,
      "startTime": 1699237613745
    },
    {
      "type": "build_line",
      "endTime": 1699237624151,
      "status": "closed",
      "children": [],
      "name": "overallTime",
      "taskName": "default@PackageHap",
      "taskPath": "entry",
      "workerId": 1,
      "startTime": 1699237623120
    },
    {
      "type": "default",
      "endTime": 1699237624152,
      "status": "closed",
      "children": [
        {
          "type": "build_line",
          "endTime": 1699237624151,
          "status": "closed",
          "children": [],
          "name": "overallTime",
          "taskName": "default@PackageHap",
          "taskPath": "entry",
          "workerId": 1,
          "startTime": 1699237623120
        }
      ],
      "name": "overallTime",
      "taskName": "default@PackageHap",
      "taskPath": "entry",
      "workerId": -1,
      "startTime": 1699237623090
    },
    {
      "type": "build_line",
      "endTime": 1699237631452,
      "status": "closed",
      "children": [],
      "name": "overallTime",
      "taskName": "default@SignHap",
      "taskPath": "entry",
      "workerId": -1,
      "startTime": 1699237624154
    },
    {
      "type": "build_line",
      "endTime": 1699237631454,
      "status": "closed",
      "children": [],
      "name": "overallTime",
      "taskName": "assembleHap",
      "taskPath": "entry",
      "workerId": -1,
      "startTime": 1699237631454
    },
    {
      "type": "build_line",
      "endTime": 1699237740771,
      "status": "closed",
      "children": [],
      "name": "overallTime",
      "taskName": "default@PreBuild",
      "taskPath": "entry",
      "workerId": -1,
      "startTime": 1699237740768
    },
    {
      "type": "build_line",
      "endTime": 1699237740784,
      "status": "closed",
      "children": [],
      "name": "overallTime",
      "taskName": "default@GenerateMetadata",
      "taskPath": "entry",
      "workerId": -1,
      "startTime": 1699237740774
    },
    {
      "type": "build_line",
      "endTime": 1699237740799,
      "status": "closed",
      "children": [],
      "name": "overallTime",
      "taskName": "default@MergeProfile",
      "taskPath": "entry",
      "workerId": -1,
      "startTime": 1699237740795
    },
    {
      "type": "build_line",
      "endTime": 1699237740807,
      "status": "closed",
      "children": [],
      "name": "overallTime",
      "taskName": "default@BuildNativeWithCmake",
      "taskPath": "entry",
      "workerId": -1,
      "startTime": 1699237740807
    },
    {
      "type": "build_line",
      "endTime": 1699237740814,
      "status": "closed",
      "children": [],
      "name": "overallTime",
      "taskName": "default@GenerateLoaderJson",
      "taskPath": "entry",
      "workerId": -1,
      "startTime": 1699237740812
    },
    {
      "type": "build_line",
      "endTime": 1699237740826,
      "status": "closed",
      "children": [],
      "name": "overallTime",
      "taskName": "default@MakePackInfo",
      "taskPath": "entry",
      "workerId": -1,
      "startTime": 1699237740818
    },
    {
      "type": "build_line",
      "endTime": 1699237740832,
      "status": "closed",
      "children": [],
      "name": "overallTime",
      "taskName": "default@ProcessProfile",
      "taskPath": "entry",
      "workerId": -1,
      "startTime": 1699237740829
    },
    {
      "type": "build_line",
      "endTime": 1699237740834,
      "status": "closed",
      "children": [],
      "name": "overallTime",
      "taskName": "default@BuildNativeWithNinja",
      "taskPath": "entry",
      "workerId": -1,
      "startTime": 1699237740833
    },
    {
      "type": "build_line",
      "endTime": 1699237740840,
      "status": "closed",
      "children": [],
      "name": "overallTime",
      "taskName": "default@ProcessResource",
      "taskPath": "entry",
      "workerId": -1,
      "startTime": 1699237740835
    },
    {
      "type": "build_line",
      "endTime": 1699237740843,
      "status": "closed",
      "children": [],
      "name": "overallTime",
      "taskName": "default@ProcessLibs",
      "taskPath": "entry",
      "workerId": -1,
      "startTime": 1699237740841
    },
    {
      "type": "build_line",
      "endTime": 1699237740868,
      "status": "closed",
      "children": [],
      "name": "overallTime",
      "taskName": "default@CompileResource",
      "taskPath": "entry",
      "workerId": -1,
      "startTime": 1699237740844
    },
    {
      "type": "build_line",
      "endTime": 1699237740886,
      "status": "closed",
      "children": [],
      "name": "overallTime",
      "taskName": "default@CompileArkTS",
      "taskPath": "entry",
      "workerId": -1,
      "startTime": 1699237740869
    },
    {
      "type": "build_line",
      "endTime": 1699237740898,
      "status": "closed",
      "children": [],
      "name": "overallTime",
      "taskName": "default@CompileJS",
      "taskPath": "entry",
      "workerId": -1,
      "startTime": 1699237740889
    },
    {
      "type": "build_line",
      "endTime": 1699237740913,
      "status": "closed",
      "children": [],
      "name": "overallTime",
      "taskName": "default@PackageHap",
      "taskPath": "entry",
      "workerId": -1,
      "startTime": 1699237740901
    },
    {
      "type": "build_line",
      "endTime": 1699237740922,
      "status": "closed",
      "children": [],
      "name": "overallTime",
      "taskName": "default@SignHap",
      "taskPath": "entry",
      "workerId": -1,
      "startTime": 1699237740915
    },
    {
      "type": "build_line",
      "endTime": 1699237740924,
      "status": "closed",
      "children": [],
      "name": "overallTime",
      "taskName": "assembleHap",
      "taskPath": "entry",
      "workerId": -1,
      "startTime": 1699237740924
    },
    {
      "type": "build_line",
      "endTime": 1699237757921,
      "status": "closed",
      "children": [],
      "name": "overallTime",
      "taskName": "default@PreBuild",
      "taskPath": "entry",
      "workerId": -1,
      "startTime": 1699237757917
    },
    {
      "type": "build_line",
      "endTime": 1699237757938,
      "status": "closed",
      "children": [],
      "name": "overallTime",
      "taskName": "default@GenerateMetadata",
      "taskPath": "entry",
      "workerId": -1,
      "startTime": 1699237757928
    },
    {
      "type": "build_line",
      "endTime": 1699237757951,
      "status": "closed",
      "children": [],
      "name": "overallTime",
      "taskName": "default@MergeProfile",
      "taskPath": "entry",
      "workerId": -1,
      "startTime": 1699237757947
    },
    {
      "type": "build_line",
      "endTime": 1699237757958,
      "status": "closed",
      "children": [],
      "name": "overallTime",
      "taskName": "default@BuildNativeWithCmake",
      "taskPath": "entry",
      "workerId": -1,
      "startTime": 1699237757958
    },
    {
      "type": "build_line",
      "endTime": 1699237757965,
      "status": "closed",
      "children": [],
      "name": "overallTime",
      "taskName": "default@GenerateLoaderJson",
      "taskPath": "entry",
      "workerId": -1,
      "startTime": 1699237757963
    },
    {
      "type": "build_line",
      "endTime": 1699237757977,
      "status": "closed",
      "children": [],
      "name": "overallTime",
      "taskName": "default@MakePackInfo",
      "taskPath": "entry",
      "workerId": -1,
      "startTime": 1699237757968
    },
    {
      "type": "build_line",
      "endTime": 1699237757983,
      "status": "closed",
      "children": [],
      "name": "overallTime",
      "taskName": "default@ProcessProfile",
      "taskPath": "entry",
      "workerId": -1,
      "startTime": 1699237757980
    },
    {
      "type": "build_line",
      "endTime": 1699237757985,
      "status": "closed",
      "children": [],
      "name": "overallTime",
      "taskName": "default@BuildNativeWithNinja",
      "taskPath": "entry",
      "workerId": -1,
      "startTime": 1699237757984
    },
    {
      "type": "build_line",
      "endTime": 1699237757990,
      "status": "closed",
      "children": [],
      "name": "overallTime",
      "taskName": "default@ProcessResource",
      "taskPath": "entry",
      "workerId": -1,
      "startTime": 1699237757986
    },
    {
      "type": "build_line",
      "endTime": 1699237757993,
      "status": "closed",
      "children": [],
      "name": "overallTime",
      "taskName": "default@ProcessLibs",
      "taskPath": "entry",
      "workerId": -1,
      "startTime": 1699237757991
    },
    {
      "type": "build_line",
      "endTime": 1699237758016,
      "status": "closed",
      "children": [],
      "name": "overallTime",
      "taskName": "default@CompileResource",
      "taskPath": "entry",
      "workerId": -1,
      "startTime": 1699237757994
    },
    {
      "type": "build_line",
      "endTime": 1699237758031,
      "status": "closed",
      "children": [],
      "name": "overallTime",
      "taskName": "default@CompileArkTS",
      "taskPath": "entry",
      "workerId": -1,
      "startTime": 1699237758017
    },
    {
      "type": "build_line",
      "endTime": 1699237758044,
      "status": "closed",
      "children": [],
      "name": "overallTime",
      "taskName": "default@CompileJS",
      "taskPath": "entry",
      "workerId": -1,
      "startTime": 1699237758034
    },
    {
      "type": "build_line",
      "endTime": 1699237758058,
      "status": "closed",
      "children": [],
      "name": "overallTime",
      "taskName": "default@PackageHap",
      "taskPath": "entry",
      "workerId": -1,
      "startTime": 1699237758046
    },
    {
      "type": "build_line",
      "endTime": 1699237758066,
      "status": "closed",
      "children": [],
      "name": "overallTime",
      "taskName": "default@SignHap",
      "taskPath": "entry",
      "workerId": -1,
      "startTime": 1699237758060
    },
    {
      "type": "build_line",
      "endTime": 1699237758067,
      "status": "closed",
      "children": [],
      "name": "overallTime",
      "taskName": "assembleHap",
      "taskPath": "entry",
      "workerId": -1,
      "startTime": 1699237758067
    },
    {
      "type": "build_line",
      "endTime": 1699237815937,
      "status": "closed",
      "children": [],
      "name": "overallTime",
      "taskName": "default@PreBuild",
      "taskPath": "entry",
      "workerId": -1,
      "startTime": 1699237815932
    },
    {
      "type": "build_line",
      "endTime": 1699237815948,
      "status": "closed",
      "children": [],
      "name": "overallTime",
      "taskName": "default@GenerateMetadata",
      "taskPath": "entry",
      "workerId": -1,
      "startTime": 1699237815939
    },
    {
      "type": "build_line",
      "endTime": 1699237815965,
      "status": "closed",
      "children": [],
      "name": "overallTime",
      "taskName": "default@MergeProfile",
      "taskPath": "entry",
      "workerId": -1,
      "startTime": 1699237815961
    },
    {
      "type": "build_line",
      "endTime": 1699237815978,
      "status": "closed",
      "children": [],
      "name": "overallTime",
      "taskName": "default@BuildNativeWithCmake",
      "taskPath": "entry",
      "workerId": -1,
      "startTime": 1699237815978
    },
    {
      "type": "build_line",
      "endTime": 1699237815991,
      "status": "closed",
      "children": [],
      "name": "overallTime",
      "taskName": "default@GenerateLoaderJson",
      "taskPath": "entry",
      "workerId": -1,
      "startTime": 1699237815988
    },
    {
      "type": "build_line",
      "endTime": 1699237816020,
      "status": "closed",
      "children": [],
      "name": "overallTime",
      "taskName": "default@MakePackInfo",
      "taskPath": "entry",
      "workerId": -1,
      "startTime": 1699237816007
    },
    {
      "type": "build_line",
      "endTime": 1699237816027,
      "status": "closed",
      "children": [],
      "name": "overallTime",
      "taskName": "default@ProcessProfile",
      "taskPath": "entry",
      "workerId": -1,
      "startTime": 1699237816025
    },
    {
      "type": "build_line",
      "endTime": 1699237816029,
      "status": "closed",
      "children": [],
      "name": "overallTime",
      "taskName": "default@BuildNativeWithNinja",
      "taskPath": "entry",
      "workerId": -1,
      "startTime": 1699237816028
    },
    {
      "type": "build_line",
      "endTime": 1699237816037,
      "status": "closed",
      "children": [],
      "name": "overallTime",
      "taskName": "default@ProcessResource",
      "taskPath": "entry",
      "workerId": -1,
      "startTime": 1699237816031
    },
    {
      "type": "build_line",
      "endTime": 1699237816040,
      "status": "closed",
      "children": [],
      "name": "overallTime",
      "taskName": "default@ProcessLibs",
      "taskPath": "entry",
      "workerId": -1,
      "startTime": 1699237816038
    },
    {
      "type": "build_line",
      "endTime": 1699237816061,
      "status": "closed",
      "children": [],
      "name": "overallTime",
      "taskName": "default@CompileResource",
      "taskPath": "entry",
      "workerId": -1,
      "startTime": 1699237816041
    },
    {
      "type": "build_line",
      "endTime": 1699237816096,
      "status": "closed",
      "children": [],
      "name": "overallTime",
      "taskName": "default@CompileJS",
      "taskPath": "entry",
      "workerId": -1,
      "startTime": 1699237816087
    },
    {
      "type": "build_line",
      "endTime": 1699237825302,
      "status": "closed",
      "children": [],
      "name": "overallTime",
      "taskName": "default@CompileArkTS",
      "taskPath": "entry",
      "workerId": 0,
      "startTime": 1699237816087
    },
    {
      "type": "default",
      "endTime": 1699237825302,
      "status": "closed",
      "children": [
        {
          "type": "build_line",
          "endTime": 1699237825302,
          "status": "closed",
          "children": [],
          "name": "overallTime",
          "taskName": "default@CompileArkTS",
          "taskPath": "entry",
          "workerId": 0,
          "startTime": 1699237816087
        }
      ],
      "name": "overallTime",
      "taskName": "default@CompileArkTS",
      "taskPath": "entry",
      "workerId": -1,
      "startTime": 1699237816062
    },
    {
      "type": "build_line",
      "endTime": 1699237826296,
      "status": "closed",
      "children": [],
      "name": "overallTime",
      "taskName": "default@PackageHap",
      "taskPath": "entry",
      "workerId": 1,
      "startTime": 1699237825330
    },
    {
      "type": "default",
      "endTime": 1699237826296,
      "status": "closed",
      "children": [
        {
          "type": "build_line",
          "endTime": 1699237826296,
          "status": "closed",
          "children": [],
          "name": "overallTime",
          "taskName": "default@PackageHap",
          "taskPath": "entry",
          "workerId": 1,
          "startTime": 1699237825330
        }
      ],
      "name": "overallTime",
      "taskName": "default@PackageHap",
      "taskPath": "entry",
      "workerId": -1,
      "startTime": 1699237825305
    },
    {
      "type": "build_line",
      "endTime": 1699237833381,
      "status": "closed",
      "children": [],
      "name": "overallTime",
      "taskName": "default@SignHap",
      "taskPath": "entry",
      "workerId": -1,
      "startTime": 1699237826298
    },
    {
      "type": "build_line",
      "endTime": 1699237833382,
      "status": "closed",
      "children": [],
      "name": "overallTime",
      "taskName": "assembleHap",
      "taskPath": "entry",
      "workerId": -1,
      "startTime": 1699237833382
    },
    {
      "type": "build_line",
      "endTime": 1699237862437,
      "status": "closed",
      "children": [],
      "name": "overallTime",
      "taskName": "default@PreBuild",
      "taskPath": "entry",
      "workerId": -1,
      "startTime": 1699237862431
    },
    {
      "type": "build_line",
      "endTime": 1699237862448,
      "status": "closed",
      "children": [],
      "name": "overallTime",
      "taskName": "default@GenerateMetadata",
      "taskPath": "entry",
      "workerId": -1,
      "startTime": 1699237862440
    },
    {
      "type": "build_line",
      "endTime": 1699237862462,
      "status": "closed",
      "children": [],
      "name": "overallTime",
      "taskName": "default@MergeProfile",
      "taskPath": "entry",
      "workerId": -1,
      "startTime": 1699237862459
    },
    {
      "type": "build_line",
      "endTime": 1699237862468,
      "status": "closed",
      "children": [],
      "name": "overallTime",
      "taskName": "default@BuildNativeWithCmake",
      "taskPath": "entry",
      "workerId": -1,
      "startTime": 1699237862468
    },
    {
      "type": "build_line",
      "endTime": 1699237862475,
      "status": "closed",
      "children": [],
      "name": "overallTime",
      "taskName": "default@GenerateLoaderJson",
      "taskPath": "entry",
      "workerId": -1,
      "startTime": 1699237862473
    },
    {
      "type": "build_line",
      "endTime": 1699237862488,
      "status": "closed",
      "children": [],
      "name": "overallTime",
      "taskName": "default@MakePackInfo",
      "taskPath": "entry",
      "workerId": -1,
      "startTime": 1699237862478
    },
    {
      "type": "build_line",
      "endTime": 1699237862495,
      "status": "closed",
      "children": [],
      "name": "overallTime",
      "taskName": "default@ProcessProfile",
      "taskPath": "entry",
      "workerId": -1,
      "startTime": 1699237862492
    },
    {
      "type": "build_line",
      "endTime": 1699237862497,
      "status": "closed",
      "children": [],
      "name": "overallTime",
      "taskName": "default@BuildNativeWithNinja",
      "taskPath": "entry",
      "workerId": -1,
      "startTime": 1699237862496
    },
    {
      "type": "build_line",
      "endTime": 1699237862504,
      "status": "closed",
      "children": [],
      "name": "overallTime",
      "taskName": "default@ProcessResource",
      "taskPath": "entry",
      "workerId": -1,
      "startTime": 1699237862498
    },
    {
      "type": "build_line",
      "endTime": 1699237862509,
      "status": "closed",
      "children": [],
      "name": "overallTime",
      "taskName": "default@ProcessLibs",
      "taskPath": "entry",
      "workerId": -1,
      "startTime": 1699237862505
    },
    {
      "type": "build_line",
      "endTime": 1699237862539,
      "status": "closed",
      "children": [],
      "name": "overallTime",
      "taskName": "default@CompileResource",
      "taskPath": "entry",
      "workerId": -1,
      "startTime": 1699237862511
    },
    {
      "type": "build_line",
      "endTime": 1699237862563,
      "status": "closed",
      "children": [],
      "name": "overallTime",
      "taskName": "default@CompileArkTS",
      "taskPath": "entry",
      "workerId": -1,
      "startTime": 1699237862540
    },
    {
      "type": "build_line",
      "endTime": 1699237862582,
      "status": "closed",
      "children": [],
      "name": "overallTime",
      "taskName": "default@CompileJS",
      "taskPath": "entry",
      "workerId": -1,
      "startTime": 1699237862567
    },
    {
      "type": "build_line",
      "endTime": 1699237862600,
      "status": "closed",
      "children": [],
      "name": "overallTime",
      "taskName": "default@PackageHap",
      "taskPath": "entry",
      "workerId": -1,
      "startTime": 1699237862585
    },
    {
      "type": "build_line",
      "endTime": 1699237862607,
      "status": "closed",
      "children": [],
      "name": "overallTime",
      "taskName": "default@SignHap",
      "taskPath": "entry",
      "workerId": -1,
      "startTime": 1699237862601
    },
    {
      "type": "build_line",
      "endTime": 1699237862609,
      "status": "closed",
      "children": [],
      "name": "overallTime",
      "taskName": "assembleHap",
      "taskPath": "entry",
      "workerId": -1,
      "startTime": 1699237862609
    },
    {
      "type": "build_line",
      "endTime": 1699238694636,
      "status": "closed",
      "children": [],
      "name": "overallTime",
      "taskName": "default@PreBuild",
      "taskPath": "entry",
      "workerId": -1,
      "startTime": 1699238694593
    },
    {
      "type": "build_line",
      "endTime": 1699238694665,
      "status": "closed",
      "children": [],
      "name": "overallTime",
      "taskName": "default@GenerateMetadata",
      "taskPath": "entry",
      "workerId": -1,
      "startTime": 1699238694647
    },
    {
      "type": "build_line",
      "endTime": 1699238694691,
      "status": "closed",
      "children": [],
      "name": "overallTime",
      "taskName": "default@MergeProfile",
      "taskPath": "entry",
      "workerId": -1,
      "startTime": 1699238694680
    },
    {
      "type": "build_line",
      "endTime": 1699238694703,
      "status": "closed",
      "children": [],
      "name": "overallTime",
      "taskName": "default@BuildNativeWithCmake",
      "taskPath": "entry",
      "workerId": -1,
      "startTime": 1699238694703
    },
    {
      "type": "build_line",
      "endTime": 1699238694710,
      "status": "closed",
      "children": [],
      "name": "overallTime",
      "taskName": "default@GenerateLoaderJson",
      "taskPath": "entry",
      "workerId": -1,
      "startTime": 1699238694708
    },
    {
      "type": "build_line",
      "endTime": 1699238694731,
      "status": "closed",
      "children": [],
      "name": "overallTime",
      "taskName": "default@MakePackInfo",
      "taskPath": "entry",
      "workerId": -1,
      "startTime": 1699238694711
    },
    {
      "type": "build_line",
      "endTime": 1699238694958,
      "status": "closed",
      "children": [],
      "name": "overallTime",
      "taskName": "default@ProcessProfile",
      "taskPath": "entry",
      "workerId": -1,
      "startTime": 1699238694736
    },
    {
      "type": "build_line",
      "endTime": 1699238694961,
      "status": "closed",
      "children": [],
      "name": "overallTime",
      "taskName": "default@BuildNativeWithNinja",
      "taskPath": "entry",
      "workerId": -1,
      "startTime": 1699238694960
    },
    {
      "type": "build_line",
      "endTime": 1699238694967,
      "status": "closed",
      "children": [],
      "name": "overallTime",
      "taskName": "default@ProcessResource",
      "taskPath": "entry",
      "workerId": -1,
      "startTime": 1699238694962
    },
    {
      "type": "build_line",
      "endTime": 1699238694970,
      "status": "closed",
      "children": [],
      "name": "overallTime",
      "taskName": "default@ProcessLibs",
      "taskPath": "entry",
      "workerId": -1,
      "startTime": 1699238694968
    },
    {
      "type": "build_line",
      "endTime": 1699238695175,
      "status": "closed",
      "children": [],
      "name": "overallTime",
      "taskName": "default@CompileResource",
      "taskPath": "entry",
      "workerId": -1,
      "startTime": 1699238694971
    },
    {
      "type": "build_line",
      "endTime": 1699238695219,
      "status": "closed",
      "children": [],
      "name": "overallTime",
      "taskName": "default@CompileJS",
      "taskPath": "entry",
      "workerId": -1,
      "startTime": 1699238695210
    },
    {
      "type": "build_line",
      "endTime": 1699238704384,
      "status": "closed",
      "children": [],
      "name": "overallTime",
      "taskName": "default@CompileArkTS",
      "taskPath": "entry",
      "workerId": 0,
      "startTime": 1699238695209
    },
    {
      "type": "default",
      "endTime": 1699238704385,
      "status": "closed",
      "children": [
        {
          "type": "build_line",
          "endTime": 1699238704384,
          "status": "closed",
          "children": [],
          "name": "overallTime",
          "taskName": "default@CompileArkTS",
          "taskPath": "entry",
          "workerId": 0,
          "startTime": 1699238695209
        }
      ],
      "name": "overallTime",
      "taskName": "default@CompileArkTS",
      "taskPath": "entry",
      "workerId": -1,
      "startTime": 1699238695177
    },
    {
      "type": "build_line",
      "endTime": 1699238705584,
      "status": "closed",
      "children": [],
      "name": "overallTime",
      "taskName": "default@PackageHap",
      "taskPath": "entry",
      "workerId": 1,
      "startTime": 1699238704421
    },
    {
      "type": "default",
      "endTime": 1699238705584,
      "status": "closed",
      "children": [
        {
          "type": "build_line",
          "endTime": 1699238705584,
          "status": "closed",
          "children": [],
          "name": "overallTime",
          "taskName": "default@PackageHap",
          "taskPath": "entry",
          "workerId": 1,
          "startTime": 1699238704421
        }
      ],
      "name": "overallTime",
      "taskName": "default@PackageHap",
      "taskPath": "entry",
      "workerId": -1,
      "startTime": 1699238704392
    },
    {
      "type": "build_line",
      "endTime": 1699238714323,
      "status": "closed",
      "children": [],
      "name": "overallTime",
      "taskName": "default@SignHap",
      "taskPath": "entry",
      "workerId": -1,
      "startTime": 1699238705586
    },
    {
      "type": "build_line",
      "endTime": 1699238714325,
      "status": "closed",
      "children": [],
      "name": "overallTime",
      "taskName": "assembleHap",
      "taskPath": "entry",
      "workerId": -1,
      "startTime": 1699238714325
    },
    {
      "type": "build_line",
      "endTime": 1699238922857,
      "status": "closed",
      "children": [],
      "name": "overallTime",
      "taskName": "default@PreBuild",
      "taskPath": "entry",
      "workerId": -1,
      "startTime": 1699238922853
    },
    {
      "type": "build_line",
      "endTime": 1699238922870,
      "status": "closed",
      "children": [],
      "name": "overallTime",
      "taskName": "default@GenerateMetadata",
      "taskPath": "entry",
      "workerId": -1,
      "startTime": 1699238922859
    },
    {
      "type": "build_line",
      "endTime": 1699238922880,
      "status": "closed",
      "children": [],
      "name": "overallTime",
      "taskName": "default@MergeProfile",
      "taskPath": "entry",
      "workerId": -1,
      "startTime": 1699238922877
    },
    {
      "type": "build_line",
      "endTime": 1699238922885,
      "status": "closed",
      "children": [],
      "name": "overallTime",
      "taskName": "default@BuildNativeWithCmake",
      "taskPath": "entry",
      "workerId": -1,
      "startTime": 1699238922885
    },
    {
      "type": "build_line",
      "endTime": 1699238922891,
      "status": "closed",
      "children": [],
      "name": "overallTime",
      "taskName": "default@GenerateLoaderJson",
      "taskPath": "entry",
      "workerId": -1,
      "startTime": 1699238922889
    },
    {
      "type": "build_line",
      "endTime": 1699238922904,
      "status": "closed",
      "children": [],
      "name": "overallTime",
      "taskName": "default@MakePackInfo",
      "taskPath": "entry",
      "workerId": -1,
      "startTime": 1699238922895
    },
    {
      "type": "build_line",
      "endTime": 1699238922910,
      "status": "closed",
      "children": [],
      "name": "overallTime",
      "taskName": "default@ProcessProfile",
      "taskPath": "entry",
      "workerId": -1,
      "startTime": 1699238922907
    },
    {
      "type": "build_line",
      "endTime": 1699238922911,
      "status": "closed",
      "children": [],
      "name": "overallTime",
      "taskName": "default@BuildNativeWithNinja",
      "taskPath": "entry",
      "workerId": -1,
      "startTime": 1699238922910
    },
    {
      "type": "build_line",
      "endTime": 1699238922918,
      "status": "closed",
      "children": [],
      "name": "overallTime",
      "taskName": "default@ProcessResource",
      "taskPath": "entry",
      "workerId": -1,
      "startTime": 1699238922913
    },
    {
      "type": "build_line",
      "endTime": 1699238922922,
      "status": "closed",
      "children": [],
      "name": "overallTime",
      "taskName": "default@ProcessLibs",
      "taskPath": "entry",
      "workerId": -1,
      "startTime": 1699238922919
    },
    {
      "type": "build_line",
      "endTime": 1699238922945,
      "status": "closed",
      "children": [],
      "name": "overallTime",
      "taskName": "default@CompileResource",
      "taskPath": "entry",
      "workerId": -1,
      "startTime": 1699238922924
    },
    {
      "type": "build_line",
      "endTime": 1699238922962,
      "status": "closed",
      "children": [],
      "name": "overallTime",
      "taskName": "default@CompileArkTS",
      "taskPath": "entry",
      "workerId": -1,
      "startTime": 1699238922945
    },
    {
      "type": "build_line",
      "endTime": 1699238922987,
      "status": "closed",
      "children": [],
      "name": "overallTime",
      "taskName": "default@CompileJS",
      "taskPath": "entry",
      "workerId": -1,
      "startTime": 1699238922966
    },
    {
      "type": "build_line",
      "endTime": 1699238923007,
      "status": "closed",
      "children": [],
      "name": "overallTime",
      "taskName": "default@PackageHap",
      "taskPath": "entry",
      "workerId": -1,
      "startTime": 1699238922992
    },
    {
      "type": "build_line",
      "endTime": 1699238923014,
      "status": "closed",
      "children": [],
      "name": "overallTime",
      "taskName": "default@SignHap",
      "taskPath": "entry",
      "workerId": -1,
      "startTime": 1699238923009
    },
    {
      "type": "build_line",
      "endTime": 1699238923016,
      "status": "closed",
      "children": [],
      "name": "overallTime",
      "taskName": "assembleHap",
      "taskPath": "entry",
      "workerId": -1,
      "startTime": 1699238923016
    },
    {
      "type": "build_line",
      "endTime": 1699239799239,
      "status": "closed",
      "children": [],
      "name": "overallTime",
      "taskName": "default@PreBuild",
      "taskPath": "entry",
      "workerId": -1,
      "startTime": 1699239799218
    },
    {
      "type": "build_line",
      "endTime": 1699239799267,
      "status": "closed",
      "children": [],
      "name": "overallTime",
      "taskName": "default@GenerateMetadata",
      "taskPath": "entry",
      "workerId": -1,
      "startTime": 1699239799250
    },
    {
      "type": "build_line",
      "endTime": 1699239799322,
      "status": "closed",
      "children": [],
      "name": "overallTime",
      "taskName": "default@MergeProfile",
      "taskPath": "entry",
      "workerId": -1,
      "startTime": 1699239799312
    },
    {
      "type": "build_line",
      "endTime": 1699239799342,
      "status": "closed",
      "children": [],
      "name": "overallTime",
      "taskName": "default@BuildNativeWithCmake",
      "taskPath": "entry",
      "workerId": -1,
      "startTime": 1699239799341
    },
    {
      "type": "build_line",
      "endTime": 1699239799355,
      "status": "closed",
      "children": [],
      "name": "overallTime",
      "taskName": "default@GenerateLoaderJson",
      "taskPath": "entry",
      "workerId": -1,
      "startTime": 1699239799350
    },
    {
      "type": "build_line",
      "endTime": 1699239799382,
      "status": "closed",
      "children": [],
      "name": "overallTime",
      "taskName": "default@MakePackInfo",
      "taskPath": "entry",
      "workerId": -1,
      "startTime": 1699239799357
    },
    {
      "type": "build_line",
      "endTime": 1699239799480,
      "status": "closed",
      "children": [],
      "name": "overallTime",
      "taskName": "default@ProcessProfile",
      "taskPath": "entry",
      "workerId": -1,
      "startTime": 1699239799465
    },
    {
      "type": "build_line",
      "endTime": 1699239799498,
      "status": "closed",
      "children": [],
      "name": "overallTime",
      "taskName": "default@BuildNativeWithNinja",
      "taskPath": "entry",
      "workerId": -1,
      "startTime": 1699239799485
    },
    {
      "type": "build_line",
      "endTime": 1699239799548,
      "status": "closed",
      "children": [],
      "name": "overallTime",
      "taskName": "default@ProcessResource",
      "taskPath": "entry",
      "workerId": -1,
      "startTime": 1699239799502
    },
    {
      "type": "build_line",
      "endTime": 1699239799565,
      "status": "closed",
      "children": [],
      "name": "overallTime",
      "taskName": "default@ProcessLibs",
      "taskPath": "entry",
      "workerId": -1,
      "startTime": 1699239799553
    },
    {
      "type": "build_line",
      "endTime": 1699239799710,
      "status": "closed",
      "children": [],
      "name": "overallTime",
      "taskName": "default@CompileResource",
      "taskPath": "entry",
      "workerId": -1,
      "startTime": 1699239799571
    },
    {
      "type": "build_line",
      "endTime": 1699239799816,
      "status": "closed",
      "children": [],
      "name": "overallTime",
      "taskName": "default@CompileArkTS",
      "taskPath": "entry",
      "workerId": -1,
      "startTime": 1699239799712
    },
    {
      "type": "build_line",
      "endTime": 1699239799856,
      "status": "closed",
      "children": [],
      "name": "overallTime",
      "taskName": "default@CompileJS",
      "taskPath": "entry",
      "workerId": -1,
      "startTime": 1699239799831
    },
    {
      "type": "build_line",
      "endTime": 1699239799893,
      "status": "closed",
      "children": [],
      "name": "overallTime",
      "taskName": "default@PackageHap",
      "taskPath": "entry",
      "workerId": -1,
      "startTime": 1699239799865
    },
    {
      "type": "build_line",
      "endTime": 1699239799904,
      "status": "closed",
      "children": [],
      "name": "overallTime",
      "taskName": "default@SignHap",
      "taskPath": "entry",
      "workerId": -1,
      "startTime": 1699239799897
    },
    {
      "type": "build_line",
      "endTime": 1699239799905,
      "status": "closed",
      "children": [],
      "name": "overallTime",
      "taskName": "assembleHap",
      "taskPath": "entry",
      "workerId": -1,
      "startTime": 1699239799905
    }
  ],
  "workLog": []
}