{"C:\\software\\tiaozhuan\\AppScope\\app.json5":{"hashValue":"df47f5febd56278eeec4d46816d01159","name":"app.json5","path":"C:\\software\\tiaozhuan\\AppScope\\app.json5","type":"file","isSymbolicLink":false,"fileMetaData":{"size":230,"lastModifiedTime":1699231886076}},"C:\\software\\tiaozhuan\\entry\\src\\main\\module.json5":{"hashValue":"4ac0c9d438d26f2e61e0cfac061b2ee8","name":"module.json5","path":"C:\\software\\tiaozhuan\\entry\\src\\main\\module.json5","type":"file","isSymbolicLink":false,"fileMetaData":{"size":1036,"lastModifiedTime":1699238666642}},"C:\\software\\tiaozhuan\\entry\\build\\default\\intermediates\\hap_metadata\\default\\output_metadata.json":{"hashValue":"a84e759c926b47de6115a7b3275dc09c","name":"output_metadata.json","path":"C:\\software\\tiaozhuan\\entry\\build\\default\\intermediates\\hap_metadata\\default\\output_metadata.json","type":"file","isSymbolicLink":false,"fileMetaData":{"size":92,"lastModifiedTime":1699238694665}},"C:\\software\\tiaozhuan\\entry\\build\\default\\intermediates\\merge_profile\\default\\module.json":{"hashValue":"f06febd1c2cf8e05051c4de9b24ae0a8","name":"module.json","path":"C:\\software\\tiaozhuan\\entry\\build\\default\\intermediates\\merge_profile\\default\\module.json","type":"file","isSymbolicLink":false,"fileMetaData":{"size":1155,"lastModifiedTime":1699238694690}},"C:\\software\\tiaozhuan\\entry\\build\\default\\intermediates\\loader\\default\\loader.json":{"hashValue":"d7173662d4a3045c0d307a5efbdbd8fd","name":"loader.json","path":"C:\\software\\tiaozhuan\\entry\\build\\default\\intermediates\\loader\\default\\loader.json","type":"file","isSymbolicLink":false,"fileMetaData":{"size":315,"lastModifiedTime":1699235990068}},"C:\\software\\tiaozhuan\\entry\\build\\default\\outputs\\default\\pack.info":{"hashValue":"94a2df66bac9da2fbf302c96158071e7","name":"pack.info","path":"C:\\software\\tiaozhuan\\entry\\build\\default\\outputs\\default\\pack.info","type":"file","isSymbolicLink":false,"fileMetaData":{"size":557,"lastModifiedTime":1699238694731}},"C:\\software\\tiaozhuan\\entry\\build\\default\\intermediates\\process_profile\\default\\module.json":{"hashValue":"5a0f7fa1fb66027fb664b3549fc5120b","name":"module.json","path":"C:\\software\\tiaozhuan\\entry\\build\\default\\intermediates\\process_profile\\default\\module.json","type":"file","isSymbolicLink":false,"fileMetaData":{"size":1240,"lastModifiedTime":1699238694959}},"C:\\software\\tiaozhuan\\entry\\build\\default\\intermediates\\res\\default\\resConfig.json":{"hashValue":"c3db3b54a250ce57fdfceca19912a653","name":"resConfig.json","path":"C:\\software\\tiaozhuan\\entry\\build\\default\\intermediates\\res\\default\\resConfig.json","type":"file","isSymbolicLink":false,"fileMetaData":{"size":548,"lastModifiedTime":1699235990469}},"C:\\software\\tiaozhuan\\entry\\build\\default\\intermediates\\libs\\default":{"hashValue":"","name":"default","path":"C:\\software\\tiaozhuan\\entry\\build\\default\\intermediates\\libs\\default","type":"directory","isSymbolicLink":false,"children":[]},"C:\\software\\tiaozhuan\\entry\\src\\main\\resources":{"hashValue":"74d59baf713e01cbdb9a1395a87a31f1","name":"resources","path":"C:\\software\\tiaozhuan\\entry\\src\\main\\resources","type":"directory","isSymbolicLink":false,"children":[{"hashValue":"89b4295d507e03026fc4743e5bb2691d","name":"base","path":"C:\\software\\tiaozhuan\\entry\\src\\main\\resources\\base","type":"directory","isSymbolicLink":false,"children":[{"hashValue":"d6f67cb36aa4db014e73c9ba16004b0d","name":"element","path":"C:\\software\\tiaozhuan\\entry\\src\\main\\resources\\base\\element","type":"directory","isSymbolicLink":false,"children":[{"hashValue":"4aa7a829dbd04f4f6c6358ff0d1924a9","name":"color.json","path":"C:\\software\\tiaozhuan\\entry\\src\\main\\resources\\base\\element\\color.json","type":"file","isSymbolicLink":false,"fileMetaData":{"size":105,"lastModifiedTime":1699231841183}},{"hashValue":"478febc8b20097a68cb6168b338972c6","name":"string.json","path":"C:\\software\\tiaozhuan\\entry\\src\\main\\resources\\base\\element\\string.json","type":"file","isSymbolicLink":false,"fileMetaData":{"size":247,"lastModifiedTime":1699231885979}}]},{"hashValue":"b68b0890c9d9fe57d7bafb179208ec63","name":"media","path":"C:\\software\\tiaozhuan\\entry\\src\\main\\resources\\base\\media","type":"directory","isSymbolicLink":false,"children":[{"hashValue":"104652dcf6f22e477a27040b651d4d64","name":"icon.png","path":"C:\\software\\tiaozhuan\\entry\\src\\main\\resources\\base\\media\\icon.png","type":"file","isSymbolicLink":false,"fileMetaData":{"size":6790,"lastModifiedTime":1699231841207}}]},{"hashValue":"553c0600a28370a85f97fbf50e8f3b1f","name":"profile","path":"C:\\software\\tiaozhuan\\entry\\src\\main\\resources\\base\\profile","type":"directory","isSymbolicLink":false,"children":[{"hashValue":"1a79d4982eb57a49c4818058388be1de","name":"main_pages.json","path":"C:\\software\\tiaozhuan\\entry\\src\\main\\resources\\base\\profile\\main_pages.json","type":"file","isSymbolicLink":false,"fileMetaData":{"size":37,"lastModifiedTime":1699231841262}}]}]},{"hashValue":"1c6abe373a2a10238e9db3095ecfde2b","name":"en_US","path":"C:\\software\\tiaozhuan\\entry\\src\\main\\resources\\en_US","type":"directory","isSymbolicLink":false,"children":[{"hashValue":"9bdda8b731081c083f4c8f2be0e820a1","name":"element","path":"C:\\software\\tiaozhuan\\entry\\src\\main\\resources\\en_US\\element","type":"directory","isSymbolicLink":false,"children":[{"hashValue":"561caab2e349e652f8cca4f1ac514094","name":"string.json","path":"C:\\software\\tiaozhuan\\entry\\src\\main\\resources\\en_US\\element\\string.json","type":"file","isSymbolicLink":false,"fileMetaData":{"size":247,"lastModifiedTime":1699231886167}}]}]},{"hashValue":"","name":"rawfile","path":"C:\\software\\tiaozhuan\\entry\\src\\main\\resources\\rawfile","type":"directory","isSymbolicLink":false,"children":[]},{"hashValue":"ce7106af663499921b828330db9c8027","name":"zh_CN","path":"C:\\software\\tiaozhuan\\entry\\src\\main\\resources\\zh_CN","type":"directory","isSymbolicLink":false,"children":[{"hashValue":"f7423a438700b2e101cfa46f3e48839d","name":"element","path":"C:\\software\\tiaozhuan\\entry\\src\\main\\resources\\zh_CN\\element","type":"directory","isSymbolicLink":false,"children":[{"hashValue":"e4ae64ae5531fb441df98b0b92fb59a3","name":"string.json","path":"C:\\software\\tiaozhuan\\entry\\src\\main\\resources\\zh_CN\\element\\string.json","type":"file","isSymbolicLink":false,"fileMetaData":{"size":241,"lastModifiedTime":1699231886120}}]}]}]},"C:\\software\\tiaozhuan\\AppScope\\resources":{"hashValue":"021a4c15bbacb219cfd171e6ff30de2b","name":"resources","path":"C:\\software\\tiaozhuan\\AppScope\\resources","type":"directory","isSymbolicLink":false,"children":[{"hashValue":"72cbd036559463b2ba91382b94b21c06","name":"base","path":"C:\\software\\tiaozhuan\\AppScope\\resources\\base","type":"directory","isSymbolicLink":false,"children":[{"hashValue":"63a1953df05f6cb3f069f97e7b7f37b0","name":"element","path":"C:\\software\\tiaozhuan\\AppScope\\resources\\base\\element","type":"directory","isSymbolicLink":false,"children":[{"hashValue":"314560416cfaec36e0990a2722b674e3","name":"string.json","path":"C:\\software\\tiaozhuan\\AppScope\\resources\\base\\element\\string.json","type":"file","isSymbolicLink":false,"fileMetaData":{"size":95,"lastModifiedTime":1699231840144}}]},{"hashValue":"e1a617437b39bc4b4f72cc9f4c097905","name":"media","path":"C:\\software\\tiaozhuan\\AppScope\\resources\\base\\media","type":"directory","isSymbolicLink":false,"children":[{"hashValue":"de991a4f8ac78ddea3f4fb4f337dfd8e","name":"app_icon.png","path":"C:\\software\\tiaozhuan\\AppScope\\resources\\base\\media\\app_icon.png","type":"file","isSymbolicLink":false,"fileMetaData":{"size":6790,"lastModifiedTime":1699231840110}}]}]}]},"C:\\software\\tiaozhuan\\entry\\build\\default\\intermediates\\res\\default":{"hashValue":"a87849846ed615f64d985739aeb2edc6","name":"default","path":"C:\\software\\tiaozhuan\\entry\\build\\default\\intermediates\\res\\default","type":"directory","isSymbolicLink":false,"children":[{"hashValue":"a2e8bdad25c38d37843e615a39764369","name":"module.json","path":"C:\\software\\tiaozhuan\\entry\\build\\default\\intermediates\\res\\default\\module.json","type":"file","isSymbolicLink":false,"fileMetaData":{"size":2194,"lastModifiedTime":1699238695162}},{"hashValue":"c3db3b54a250ce57fdfceca19912a653","name":"resConfig.json","path":"C:\\software\\tiaozhuan\\entry\\build\\default\\intermediates\\res\\default\\resConfig.json","type":"file","isSymbolicLink":false,"fileMetaData":{"size":548,"lastModifiedTime":1699235990469}},{"hashValue":"43782205be9c77d68869ca4bb14cbe08","name":"resources","path":"C:\\software\\tiaozhuan\\entry\\build\\default\\intermediates\\res\\default\\resources","type":"directory","isSymbolicLink":false,"children":[{"hashValue":"0d62f305d1f2c357572702f74396406c","name":"base","path":"C:\\software\\tiaozhuan\\entry\\build\\default\\intermediates\\res\\default\\resources\\base","type":"directory","isSymbolicLink":false,"children":[{"hashValue":"c856b9b6b80637a17bc5c6f8567b759e","name":"media","path":"C:\\software\\tiaozhuan\\entry\\build\\default\\intermediates\\res\\default\\resources\\base\\media","type":"directory","isSymbolicLink":false,"children":[{"hashValue":"de991a4f8ac78ddea3f4fb4f337dfd8e","name":"app_icon.png","path":"C:\\software\\tiaozhuan\\entry\\build\\default\\intermediates\\res\\default\\resources\\base\\media\\app_icon.png","type":"file","isSymbolicLink":false,"fileMetaData":{"size":6790,"lastModifiedTime":1699231840110}},{"hashValue":"104652dcf6f22e477a27040b651d4d64","name":"icon.png","path":"C:\\software\\tiaozhuan\\entry\\build\\default\\intermediates\\res\\default\\resources\\base\\media\\icon.png","type":"file","isSymbolicLink":false,"fileMetaData":{"size":6790,"lastModifiedTime":1699231841207}}]},{"hashValue":"553c0600a28370a85f97fbf50e8f3b1f","name":"profile","path":"C:\\software\\tiaozhuan\\entry\\build\\default\\intermediates\\res\\default\\resources\\base\\profile","type":"directory","isSymbolicLink":false,"children":[{"hashValue":"1a79d4982eb57a49c4818058388be1de","name":"main_pages.json","path":"C:\\software\\tiaozhuan\\entry\\build\\default\\intermediates\\res\\default\\resources\\base\\profile\\main_pages.json","type":"file","isSymbolicLink":false,"fileMetaData":{"size":37,"lastModifiedTime":1699231841262}}]}]},{"hashValue":"","name":"rawfile","path":"C:\\software\\tiaozhuan\\entry\\build\\default\\intermediates\\res\\default\\resources\\rawfile","type":"directory","isSymbolicLink":false,"children":[]}]},{"hashValue":"de34bf56d433ac9c3d2c3a530e7d399c","name":"resources.index","path":"C:\\software\\tiaozhuan\\entry\\build\\default\\intermediates\\res\\default\\resources.index","type":"file","isSymbolicLink":false,"fileMetaData":{"size":1013,"lastModifiedTime":1699238695163}},{"hashValue":"c2e95296bbf379da2ddc80648f868bbd","name":"ResourceTable.txt","path":"C:\\software\\tiaozhuan\\entry\\build\\default\\intermediates\\res\\default\\ResourceTable.txt","type":"file","isSymbolicLink":false,"fileMetaData":{"size":248,"lastModifiedTime":1699238695157}}]},"C:\\software\\tiaozhuan\\entry\\build\\default\\generated\\r\\default\\ResourceTable.h":{"hashValue":"b985d3956d92aa995b1ecd0cd722db02","name":"ResourceTable.h","path":"C:\\software\\tiaozhuan\\entry\\build\\default\\generated\\r\\default\\ResourceTable.h","type":"file","isSymbolicLink":false,"fileMetaData":{"size":1090,"lastModifiedTime":1699238695156}},"C:\\software\\tiaozhuan\\entry\\build\\default\\generated\\r\\default":{"hashValue":"8af264a77df37f287a76413d7e369311","name":"default","path":"C:\\software\\tiaozhuan\\entry\\build\\default\\generated\\r\\default","type":"directory","isSymbolicLink":false,"children":[{"hashValue":"b985d3956d92aa995b1ecd0cd722db02","name":"ResourceTable.h","path":"C:\\software\\tiaozhuan\\entry\\build\\default\\generated\\r\\default\\ResourceTable.h","type":"file","isSymbolicLink":false,"fileMetaData":{"size":1090,"lastModifiedTime":1699238695156}}]},"C:\\software\\tiaozhuan\\entry\\build\\default\\intermediates\\loader\\default":{"hashValue":"ee5efb0c2468d6195cc32accde3e673d","name":"default","path":"C:\\software\\tiaozhuan\\entry\\build\\default\\intermediates\\loader\\default","type":"directory","isSymbolicLink":false,"children":[{"hashValue":"d7173662d4a3045c0d307a5efbdbd8fd","name":"loader.json","path":"C:\\software\\tiaozhuan\\entry\\build\\default\\intermediates\\loader\\default\\loader.json","type":"file","isSymbolicLink":false,"fileMetaData":{"size":315,"lastModifiedTime":1699235990068}}]},"C:\\software\\tiaozhuan\\entry\\build\\default\\intermediates\\res\\default\\ResourceTable.txt":{"hashValue":"c2e95296bbf379da2ddc80648f868bbd","name":"ResourceTable.txt","path":"C:\\software\\tiaozhuan\\entry\\build\\default\\intermediates\\res\\default\\ResourceTable.txt","type":"file","isSymbolicLink":false,"fileMetaData":{"size":248,"lastModifiedTime":1699238695157}},"C:\\software\\tiaozhuan\\entry\\build\\default\\intermediates\\res\\default\\module.json":{"hashValue":"a2e8bdad25c38d37843e615a39764369","name":"module.json","path":"C:\\software\\tiaozhuan\\entry\\build\\default\\intermediates\\res\\default\\module.json","type":"file","isSymbolicLink":false,"fileMetaData":{"size":2194,"lastModifiedTime":1699238695162}},"C:\\software\\tiaozhuan\\entry\\build\\default\\intermediates\\res\\default\\resources\\base\\profile":{"hashValue":"553c0600a28370a85f97fbf50e8f3b1f","name":"profile","path":"C:\\software\\tiaozhuan\\entry\\build\\default\\intermediates\\res\\default\\resources\\base\\profile","type":"directory","isSymbolicLink":false,"children":[{"hashValue":"1a79d4982eb57a49c4818058388be1de","name":"main_pages.json","path":"C:\\software\\tiaozhuan\\entry\\build\\default\\intermediates\\res\\default\\resources\\base\\profile\\main_pages.json","type":"file","isSymbolicLink":false,"fileMetaData":{"size":37,"lastModifiedTime":1699231841262}}]},"C:\\software\\tiaozhuan\\entry\\src\\main\\ets":{"hashValue":"eb066a2d75cfce8e05245e56a5451aa6","name":"ets","path":"C:\\software\\tiaozhuan\\entry\\src\\main\\ets","type":"directory","isSymbolicLink":false,"children":[{"hashValue":"a26e850d12b456000968728196ae2565","name":"entryability","path":"C:\\software\\tiaozhuan\\entry\\src\\main\\ets\\entryability","type":"directory","isSymbolicLink":false,"children":[{"hashValue":"e44666a38c5fd5d53414c803bc28bef7","name":"EntryAbility.ts","path":"C:\\software\\tiaozhuan\\entry\\src\\main\\ets\\entryability\\EntryAbility.ts","type":"file","isSymbolicLink":false,"fileMetaData":{"size":1417,"lastModifiedTime":1699231886151}}]},{"hashValue":"72f39884e2f46221e899521b2f3ba0d9","name":"pages","path":"C:\\software\\tiaozhuan\\entry\\src\\main\\ets\\pages","type":"directory","isSymbolicLink":false,"children":[{"hashValue":"54f11a08b19076b660499924a8e0d590","name":"Index.ets","path":"C:\\software\\tiaozhuan\\entry\\src\\main\\ets\\pages\\Index.ets","type":"file","isSymbolicLink":false,"fileMetaData":{"size":670,"lastModifiedTime":1699237814910}}]}]},"C:\\software\\tiaozhuan\\entry\\build\\default\\intermediates\\loader_out\\default\\ets":{"hashValue":"1e1e224d0772d0bf4ce07ce008f71b49","name":"ets","path":"C:\\software\\tiaozhuan\\entry\\build\\default\\intermediates\\loader_out\\default\\ets","type":"directory","isSymbolicLink":false,"children":[{"hashValue":"4e9ffd1a16fc0e4b2d6a4abba322a542","name":"modules.abc","path":"C:\\software\\tiaozhuan\\entry\\build\\default\\intermediates\\loader_out\\default\\ets\\modules.abc","type":"file","isSymbolicLink":false,"fileMetaData":{"size":11872,"lastModifiedTime":1699238704363}},{"hashValue":"b1354bf2884042be9b48851e8e0a1aea","name":"sourceMaps.map","path":"C:\\software\\tiaozhuan\\entry\\build\\default\\intermediates\\loader_out\\default\\ets\\sourceMaps.map","type":"file","isSymbolicLink":false,"fileMetaData":{"size":11029,"lastModifiedTime":1699238704253}}]},"C:\\software\\tiaozhuan\\entry\\build\\default\\intermediates\\loader_out\\default\\js":{"hashValue":"","name":"emptyroot","path":"","type":"unknown","isSymbolicLink":false,"children":[]},"C:\\software\\tiaozhuan\\entry\\build\\default\\intermediates\\res\\default\\resources":{"hashValue":"43782205be9c77d68869ca4bb14cbe08","name":"resources","path":"C:\\software\\tiaozhuan\\entry\\build\\default\\intermediates\\res\\default\\resources","type":"directory","isSymbolicLink":false,"children":[{"hashValue":"0d62f305d1f2c357572702f74396406c","name":"base","path":"C:\\software\\tiaozhuan\\entry\\build\\default\\intermediates\\res\\default\\resources\\base","type":"directory","isSymbolicLink":false,"children":[{"hashValue":"c856b9b6b80637a17bc5c6f8567b759e","name":"media","path":"C:\\software\\tiaozhuan\\entry\\build\\default\\intermediates\\res\\default\\resources\\base\\media","type":"directory","isSymbolicLink":false,"children":[{"hashValue":"de991a4f8ac78ddea3f4fb4f337dfd8e","name":"app_icon.png","path":"C:\\software\\tiaozhuan\\entry\\build\\default\\intermediates\\res\\default\\resources\\base\\media\\app_icon.png","type":"file","isSymbolicLink":false,"fileMetaData":{"size":6790,"lastModifiedTime":1699231840110}},{"hashValue":"104652dcf6f22e477a27040b651d4d64","name":"icon.png","path":"C:\\software\\tiaozhuan\\entry\\build\\default\\intermediates\\res\\default\\resources\\base\\media\\icon.png","type":"file","isSymbolicLink":false,"fileMetaData":{"size":6790,"lastModifiedTime":1699231841207}}]},{"hashValue":"553c0600a28370a85f97fbf50e8f3b1f","name":"profile","path":"C:\\software\\tiaozhuan\\entry\\build\\default\\intermediates\\res\\default\\resources\\base\\profile","type":"directory","isSymbolicLink":false,"children":[{"hashValue":"1a79d4982eb57a49c4818058388be1de","name":"main_pages.json","path":"C:\\software\\tiaozhuan\\entry\\build\\default\\intermediates\\res\\default\\resources\\base\\profile\\main_pages.json","type":"file","isSymbolicLink":false,"fileMetaData":{"size":37,"lastModifiedTime":1699231841262}}]}]},{"hashValue":"","name":"rawfile","path":"C:\\software\\tiaozhuan\\entry\\build\\default\\intermediates\\res\\default\\resources\\rawfile","type":"directory","isSymbolicLink":false,"children":[]}]},"C:\\software\\tiaozhuan\\entry\\build\\default\\intermediates\\res\\default\\resources.index":{"hashValue":"de34bf56d433ac9c3d2c3a530e7d399c","name":"resources.index","path":"C:\\software\\tiaozhuan\\entry\\build\\default\\intermediates\\res\\default\\resources.index","type":"file","isSymbolicLink":false,"fileMetaData":{"size":1013,"lastModifiedTime":1699238695163}},"C:\\software\\tiaozhuan\\entry\\build\\default\\outputs\\default\\entry-default-unsigned.hap":{"hashValue":"d01d570c3640592e7be58b63423cb88b","name":"entry-default-unsigned.hap","path":"C:\\software\\tiaozhuan\\entry\\build\\default\\outputs\\default\\entry-default-unsigned.hap","type":"file","isSymbolicLink":false,"fileMetaData":{"size":40467,"lastModifiedTime":1699238705540}},"C:\\Users\\学习资料\\.ohos\\config\\auto_debug_tiaozhuan_com.f21010639zhenghui.myapplication_70086200302367334.cer":{"hashValue":"a967c581d6dc2e747a3520592d868a0b","name":"auto_debug_tiaozhuan_com.f21010639zhenghui.myapplication_70086200302367334.cer","path":"C:\\Users\\学习资料\\.ohos\\config\\auto_debug_tiaozhuan_com.f21010639zhenghui.myapplication_70086200302367334.cer","type":"file","isSymbolicLink":false,"fileMetaData":{"size":2878,"lastModifiedTime":1699235910676}},"C:\\Users\\学习资料\\.ohos\\config\\auto_debug_tiaozhuan_com.f21010639zhenghui.myapplication_70086200302367334.p7b":{"hashValue":"0ea9d700c572452f3327c23d81ef7ac3","name":"auto_debug_tiaozhuan_com.f21010639zhenghui.myapplication_70086200302367334.p7b","path":"C:\\Users\\学习资料\\.ohos\\config\\auto_debug_tiaozhuan_com.f21010639zhenghui.myapplication_70086200302367334.p7b","type":"file","isSymbolicLink":false,"fileMetaData":{"size":4094,"lastModifiedTime":1699235912349}},"C:\\Users\\学习资料\\.ohos\\config\\auto_debug_tiaozhuan_com.f21010639zhenghui.myapplication_70086200302367334.p12":{"hashValue":"a7d6a537f32b6175941b14bc238fc796","name":"auto_debug_tiaozhuan_com.f21010639zhenghui.myapplication_70086200302367334.p12","path":"C:\\Users\\学习资料\\.ohos\\config\\auto_debug_tiaozhuan_com.f21010639zhenghui.myapplication_70086200302367334.p12","type":"file","isSymbolicLink":false,"fileMetaData":{"size":1128,"lastModifiedTime":1699235906814}},"C:\\software\\tiaozhuan\\entry\\build\\default\\outputs\\default\\entry-default-signed.hap":{"hashValue":"7e23e962fdddbe4d81e3e1369d294a4f","name":"entry-default-signed.hap","path":"C:\\software\\tiaozhuan\\entry\\build\\default\\outputs\\default\\entry-default-signed.hap","type":"file","isSymbolicLink":false,"fileMetaData":{"size":46928,"lastModifiedTime":1699238714191}}}