{":tiaozhuan:entry:default@PreBuild":{"_inputs":[{"dataType":"ValueEntry","value":"{\"_name\":\"BUILTIN_TASK_COMMAND\",\"_value\":\"\",\"_valueType\":\"string\",\"_hash\":\"0b5d05294fdf4e78e8482ef53eb64ac0\"}"},{"dataType":"ValueEntry","value":"{\"_name\":\"BUILTIN_TASK_ENV\",\"_value\":\"\",\"_valueType\":\"string\",\"_hash\":\"cdcdc2ec8062ca9ec1de46dbf2bbc053\"}"},{"dataType":"ValueEntry","value":"{\"_name\":\"BUILTIN_TASK_TOOLCHAIN\",\"_value\":\"\",\"_valueType\":\"string\",\"_hash\":\"e7f94a9422a8bc317a7d90b58efcb5f6\"}"},{"dataType":"ValueEntry","value":"{\"_name\":\"apiType\",\"_value\":\"stageMode\",\"_valueType\":\"string\",\"_hash\":\"699c7565645ea3ea8c88551a4926a3d5\"}"},{"dataType":"ValueEntry","value":"{\"_name\":\"codeType\",\"_value\":true,\"_valueType\":\"boolean\",\"_hash\":\"d6dcf21a9f078b661283507536e57ce8\"}"},{"dataType":"ValueEntry","value":"{\"_name\":\"compatibleApiVersion\",\"_value\":9,\"_valueType\":\"number\",\"_hash\":\"8f14da7cda665d5f6676adf8a127634f\"}"},{"dataType":"ValueEntry","value":"{\"_name\":\"compileApiVersion\",\"_value\":9,\"_valueType\":\"number\",\"_hash\":\"cdd5413832c7470f85f225c67a87a683\"}"},{"dataType":"ValueEntry","value":"{\"_name\":\"deviceType\",\"_value\":[\"default\",\"tablet\"],\"_valueType\":\"object\",\"_hash\":\"3f44547af15457ff8e1ec09282ca9922\"}"},{"dataType":"ValueEntry","value":"{\"_name\":\"isSupportOhpmProj\",\"_value\":true,\"_valueType\":\"boolean\",\"_hash\":\"f3a249d7e3f751316e931b8a08b074b4\"}"},{"dataType":"ValueEntry","value":"{\"_name\":\"profileModuleName\",\"_value\":\"entry\",\"_valueType\":\"string\",\"_hash\":\"b174ea6ff5824844dde5ad92f6b3ef2b\"}"},{"dataType":"ValueEntry","value":"{\"_name\":\"sdkToolchainsComponentVersion\",\"_value\":\"3.2.12.5\",\"_valueType\":\"string\",\"_hash\":\"cc722e03b3384cc9b37c649e4134fc99\"}"},{"dataType":"ValueEntry","value":"{\"_name\":\"targetStatusCode\",\"_value\":2,\"_valueType\":\"number\",\"_hash\":\"5a9255c0f4ee50904a9349ebafca8369\"}"}],"_successful":true,"_projectName":"tiaozhuan","_moduleName":"entry","_taskName":"default@PreBuild","_key":":tiaozhuan:entry:default@PreBuild","_executionId":":tiaozhuan:entry:default@PreBuild:1699238694594","_inputFiles":{"dataType":"Map","value":[["C:\\software\\tiaozhuan\\AppScope\\app.json5",{"isDirectory":false,"fileSnapShotHashValue":"df47f5febd56278eeec4d46816d01159"}],["C:\\software\\tiaozhuan\\entry\\src\\main\\module.json5",{"isDirectory":false,"fileSnapShotHashValue":"4ac0c9d438d26f2e61e0cfac061b2ee8"}]]},"_outputFiles":{"dataType":"Map","value":[]}},":tiaozhuan:entry:default@GenerateMetadata":{"_inputs":[{"dataType":"ValueEntry","value":"{\"_name\":\"BUILTIN_TASK_COMMAND\",\"_value\":\"\",\"_valueType\":\"string\",\"_hash\":\"0b5d05294fdf4e78e8482ef53eb64ac0\"}"},{"dataType":"ValueEntry","value":"{\"_name\":\"BUILTIN_TASK_ENV\",\"_value\":\"\",\"_valueType\":\"string\",\"_hash\":\"cdcdc2ec8062ca9ec1de46dbf2bbc053\"}"},{"dataType":"ValueEntry","value":"{\"_name\":\"BUILTIN_TASK_TOOLCHAIN\",\"_value\":\"\",\"_valueType\":\"string\",\"_hash\":\"e7f94a9422a8bc317a7d90b58efcb5f6\"}"},{"dataType":"ValueEntry","value":"{\"_name\":\"entryModules\",\"_value\":[],\"_valueType\":\"object\",\"_hash\":\"aea18c73616ef065de1f5734ffcfeacd\"}"},{"dataType":"ValueEntry","value":"{\"_name\":\"existMaterial\",\"_value\":true,\"_valueType\":\"boolean\",\"_hash\":\"93dc57ba6785b4754ab913cd6a94a2d4\"}"},{"dataType":"ValueEntry","value":"{\"_name\":\"existSigningConfig\",\"_value\":true,\"_valueType\":\"boolean\",\"_hash\":\"0a625026bbf59499155e2fd8a2f97c6e\"}"},{"dataType":"ValueEntry","value":"{\"_name\":\"moduleDeviceType\",\"_value\":[\"default\",\"tablet\"],\"_valueType\":\"object\",\"_hash\":\"574e6667ec7818cf1e8ef904ad345e21\"}"},{"dataType":"ValueEntry","value":"{\"_name\":\"product\",\"_value\":\"default\",\"_valueType\":\"string\",\"_hash\":\"c78efd675257060e500cc4a185c4a166\"}"},{"dataType":"ValueEntry","value":"{\"_name\":\"sdkToolchainsComponentVersion\",\"_value\":\"3.2.12.5\",\"_valueType\":\"string\",\"_hash\":\"cc722e03b3384cc9b37c649e4134fc99\"}"},{"dataType":"ValueEntry","value":"{\"_name\":\"signingConfig_keyAlias\",\"_value\":\"debugKey\",\"_valueType\":\"string\",\"_hash\":\"4c07b0ee3239f12b1e68b46f50f552cb\"}"},{"dataType":"ValueEntry","value":"{\"_name\":\"signingConfig_keyPassword\",\"_value\":\"0000001B7E01D521798397AA0A9F4FCAD0AD8C264EEE0CDBE3974DF1B9329ABBA8772B7C9E0E09465BF86A\",\"_valueType\":\"string\",\"_hash\":\"952aae0287fc021b61552aff7bd2e530\"}"},{"dataType":"ValueEntry","value":"{\"_name\":\"signingConfig_name\",\"_value\":\"default\",\"_valueType\":\"string\",\"_hash\":\"8b60e376556ce51d68b5485c5f79822c\"}"},{"dataType":"ValueEntry","value":"{\"_name\":\"signingConfig_signAlg\",\"_value\":\"SHA256withECDSA\",\"_valueType\":\"string\",\"_hash\":\"6914b6129327418a0e5596a96e0d04c2\"}"},{"dataType":"ValueEntry","value":"{\"_name\":\"signingConfig_storePassword\",\"_value\":\"0000001B3057990FFCBEFD56F554FACADF1BB32BC06009FB2AFE76ACE4DCA32E883778C1F2EE5C1F0298AE\",\"_valueType\":\"string\",\"_hash\":\"86c34911ebed4dc7d51be18abddf27d6\"}"},{"dataType":"ValueEntry","value":"{\"_name\":\"signingConfig_type\",\"_value\":\"HarmonyOS\",\"_valueType\":\"string\",\"_hash\":\"7d6077786f4ba499719f9cf052004f2a\"}"},{"dataType":"ValueEntry","value":"{\"_name\":\"targetConfig\",\"_value\":\"{\\\"name\\\":\\\"default\\\",\\\"runtimeOS\\\":\\\"HarmonyOS\\\"}\",\"_valueType\":\"string\",\"_hash\":\"96bcd83382fb082c731eedf7bc0cf1dc\"}"}],"_successful":true,"_projectName":"tiaozhuan","_moduleName":"entry","_taskName":"default@GenerateMetadata","_key":":tiaozhuan:entry:default@GenerateMetadata","_executionId":":tiaozhuan:entry:default@GenerateMetadata:1699238694651","_inputFiles":{"dataType":"Map","value":[["C:\\software\\tiaozhuan\\entry\\src\\main\\module.json5",{"fileSnapShotHashValue":"4ac0c9d438d26f2e61e0cfac061b2ee8"}]]},"_outputFiles":{"dataType":"Map","value":[["C:\\software\\tiaozhuan\\entry\\build\\default\\intermediates\\hap_metadata\\default\\output_metadata.json",{"fileSnapShotHashValue":"a84e759c926b47de6115a7b3275dc09c"}]]}},":tiaozhuan:entry:default@MergeProfile":{"_inputs":[{"dataType":"ValueEntry","value":"{\"_name\":\"BUILTIN_TASK_COMMAND\",\"_value\":\"\",\"_valueType\":\"string\",\"_hash\":\"0b5d05294fdf4e78e8482ef53eb64ac0\"}"},{"dataType":"ValueEntry","value":"{\"_name\":\"BUILTIN_TASK_ENV\",\"_value\":\"\",\"_valueType\":\"string\",\"_hash\":\"cdcdc2ec8062ca9ec1de46dbf2bbc053\"}"},{"dataType":"ValueEntry","value":"{\"_name\":\"BUILTIN_TASK_TOOLCHAIN\",\"_value\":\"\",\"_valueType\":\"string\",\"_hash\":\"e7f94a9422a8bc317a7d90b58efcb5f6\"}"},{"dataType":"ValueEntry","value":"{\"_name\":\"asanEnable\",\"_value\":false,\"_valueType\":\"boolean\",\"_hash\":\"bc2129ba20a21b7e5234139ede1b4d7b\"}"},{"dataType":"ValueEntry","value":"{\"_name\":\"buildRoot\",\"_value\":\"build\",\"_valueType\":\"string\",\"_hash\":\"4c2dd7bb7507f74001ec27f2936db7f9\"}"},{"dataType":"ValueEntry","value":"{\"_name\":\"compatibleSdkVersion\",\"_value\":9,\"_valueType\":\"number\",\"_hash\":\"789a8631987a2e2b1a03b001c78d0180\"}"},{"dataType":"ValueEntry","value":"{\"_name\":\"isDebug\",\"_value\":true,\"_valueType\":\"boolean\",\"_hash\":\"edbf05a2d2be2c385e75d9565a48d419\"}"},{"dataType":"ValueEntry","value":"{\"_name\":\"isHarModule\",\"_value\":false,\"_valueType\":\"boolean\",\"_hash\":\"a15b7a3ed818faa99a4a10d67f52cb72\"}"},{"dataType":"ValueEntry","value":"{\"_name\":\"multiProjects\",\"_value\":false,\"_valueType\":\"boolean\",\"_hash\":\"555604752defc243b4e4c55d1549fc06\"}"},{"dataType":"ValueEntry","value":"{\"_name\":\"releaseType\",\"_value\":\"Release\",\"_valueType\":\"string\",\"_hash\":\"bbcabdda034e97584f8c36f85b3ec517\"}"},{"dataType":"ValueEntry","value":"{\"_name\":\"targetSdkVersion\",\"_value\":9,\"_valueType\":\"number\",\"_hash\":\"09b2bdc967d8b97f7b9bf4f19735497e\"}"}],"_successful":true,"_projectName":"tiaozhuan","_moduleName":"entry","_taskName":"default@MergeProfile","_key":":tiaozhuan:entry:default@MergeProfile","_executionId":":tiaozhuan:entry:default@MergeProfile:1699238694680","_inputFiles":{"dataType":"Map","value":[["C:\\software\\tiaozhuan\\AppScope\\app.json5",{"fileSnapShotHashValue":"df47f5febd56278eeec4d46816d01159"}],["C:\\software\\tiaozhuan\\entry\\src\\main\\module.json5",{"fileSnapShotHashValue":"4ac0c9d438d26f2e61e0cfac061b2ee8"}]]},"_outputFiles":{"dataType":"Map","value":[["C:\\software\\tiaozhuan\\entry\\build\\default\\intermediates\\merge_profile\\default\\module.json",{"fileSnapShotHashValue":"f06febd1c2cf8e05051c4de9b24ae0a8"}]]}},":tiaozhuan:entry:default@GenerateLoaderJson":{"_inputs":[{"dataType":"ValueEntry","value":"{\"_name\":\"BUILTIN_TASK_COMMAND\",\"_value\":\"\",\"_valueType\":\"string\",\"_hash\":\"0b5d05294fdf4e78e8482ef53eb64ac0\"}"},{"dataType":"ValueEntry","value":"{\"_name\":\"BUILTIN_TASK_ENV\",\"_value\":\"\",\"_valueType\":\"string\",\"_hash\":\"cdcdc2ec8062ca9ec1de46dbf2bbc053\"}"},{"dataType":"ValueEntry","value":"{\"_name\":\"BUILTIN_TASK_TOOLCHAIN\",\"_value\":\"\",\"_valueType\":\"string\",\"_hash\":\"e7f94a9422a8bc317a7d90b58efcb5f6\"}"},{"dataType":"ValueEntry","value":"{\"_name\":\"aotCompileMode\",\"_value\":\"\",\"_valueType\":\"string\",\"_hash\":\"31b66e9c596cc61cb06cdecc08aaeb6c\"}"},{"dataType":"ValueEntry","value":"{\"_name\":\"apPath\",\"_value\":\"\",\"_valueType\":\"string\",\"_hash\":\"dabe59b8be9f1396c43dc319521a0027\"}"},{"dataType":"ValueEntry","value":"{\"_name\":\"compileMode\",\"_value\":\"esmodule\",\"_valueType\":\"string\",\"_hash\":\"dacafc8e0b77a950178a0b4d142dc32c\"}"},{"dataType":"ValueEntry","value":"{\"_name\":\"harNameOhmMap\",\"_value\":\"{}\",\"_valueType\":\"string\",\"_hash\":\"0faf006bccbcdc2c7f04ff2d8c87894f\"}"},{"dataType":"ValueEntry","value":"{\"_name\":\"modulePathMap\",\"_value\":\"{\\\"entry\\\":\\\"C:\\\\\\\\software\\\\\\\\tiaozhuan\\\\\\\\entry\\\"}\",\"_valueType\":\"string\",\"_hash\":\"a06aaf7b00f76efa40b5823754380335\"}"},{"dataType":"ValueEntry","value":"{\"_name\":\"nodeModulesPath\",\"_value\":\"C:\\\\software\\\\tiaozhuan\\\\entry\\\\build\\\\default\\\\intermediates\\\\loader_out\\\\default\\\\node_modules\",\"_valueType\":\"string\",\"_hash\":\"2716df07d6438228e338e7f9393465c0\"}"},{"dataType":"ValueEntry","value":"{\"_name\":\"projectRootPath\",\"_value\":\"C:\\\\software\\\\tiaozhuan\",\"_valueType\":\"string\",\"_hash\":\"6b79921eabb06d3de72bd6f7b1ef03eb\"}"},{"dataType":"ValueEntry","value":"{\"_name\":\"targetConfig\",\"_value\":\"{\\\"name\\\":\\\"default\\\",\\\"runtimeOS\\\":\\\"HarmonyOS\\\"}\",\"_valueType\":\"string\",\"_hash\":\"96bcd83382fb082c731eedf7bc0cf1dc\"}"}],"_successful":true,"_projectName":"tiaozhuan","_moduleName":"entry","_taskName":"default@GenerateLoaderJson","_key":":tiaozhuan:entry:default@GenerateLoaderJson","_executionId":":tiaozhuan:entry:default@GenerateLoaderJson:1699235990060","_inputFiles":{"dataType":"Map","value":[]},"_outputFiles":{"dataType":"Map","value":[["C:\\software\\tiaozhuan\\entry\\build\\default\\intermediates\\loader\\default\\loader.json",{"isDirectory":false,"fileSnapShotHashValue":"d7173662d4a3045c0d307a5efbdbd8fd"}]]}},":tiaozhuan:entry:default@MakePackInfo":{"_inputs":[{"dataType":"ValueEntry","value":"{\"_name\":\"BUILTIN_TASK_COMMAND\",\"_value\":\"\",\"_valueType\":\"string\",\"_hash\":\"0b5d05294fdf4e78e8482ef53eb64ac0\"}"},{"dataType":"ValueEntry","value":"{\"_name\":\"BUILTIN_TASK_ENV\",\"_value\":\"\",\"_valueType\":\"string\",\"_hash\":\"cdcdc2ec8062ca9ec1de46dbf2bbc053\"}"},{"dataType":"ValueEntry","value":"{\"_name\":\"BUILTIN_TASK_TOOLCHAIN\",\"_value\":\"\",\"_valueType\":\"string\",\"_hash\":\"e7f94a9422a8bc317a7d90b58efcb5f6\"}"},{"dataType":"ValueEntry","value":"{\"_name\":\"compatibleSdkVersion\",\"_value\":9,\"_valueType\":\"number\",\"_hash\":\"789a8631987a2e2b1a03b001c78d0180\"}"},{"dataType":"ValueEntry","value":"{\"_name\":\"compileSdkVersion\",\"_value\":9,\"_valueType\":\"number\",\"_hash\":\"3d4d5df63426ff238569b8e54a6b76e3\"}"},{"dataType":"ValueEntry","value":"{\"_name\":\"deviceTypes\",\"_value\":[\"default\",\"tablet\"],\"_valueType\":\"object\",\"_hash\":\"0342e19985c07130618d063695ce1f7c\"}"},{"dataType":"ValueEntry","value":"{\"_name\":\"releaseType\",\"_value\":\"Release\",\"_valueType\":\"string\",\"_hash\":\"bbcabdda034e97584f8c36f85b3ec517\"}"}],"_successful":true,"_projectName":"tiaozhuan","_moduleName":"entry","_taskName":"default@MakePackInfo","_key":":tiaozhuan:entry:default@MakePackInfo","_executionId":":tiaozhuan:entry:default@MakePackInfo:1699238694715","_inputFiles":{"dataType":"Map","value":[["C:\\software\\tiaozhuan\\AppScope\\app.json5",{"fileSnapShotHashValue":"df47f5febd56278eeec4d46816d01159"}],["C:\\software\\tiaozhuan\\entry\\src\\main\\module.json5",{"fileSnapShotHashValue":"4ac0c9d438d26f2e61e0cfac061b2ee8"}]]},"_outputFiles":{"dataType":"Map","value":[["C:\\software\\tiaozhuan\\entry\\build\\default\\outputs\\default\\pack.info",{"fileSnapShotHashValue":"94a2df66bac9da2fbf302c96158071e7"}]]}},":tiaozhuan:entry:default@ProcessProfile":{"_inputs":[{"dataType":"ValueEntry","value":"{\"_name\":\"BUILTIN_TASK_COMMAND\",\"_value\":\"\",\"_valueType\":\"string\",\"_hash\":\"0b5d05294fdf4e78e8482ef53eb64ac0\"}"},{"dataType":"ValueEntry","value":"{\"_name\":\"BUILTIN_TASK_ENV\",\"_value\":\"\",\"_valueType\":\"string\",\"_hash\":\"cdcdc2ec8062ca9ec1de46dbf2bbc053\"}"},{"dataType":"ValueEntry","value":"{\"_name\":\"BUILTIN_TASK_TOOLCHAIN\",\"_value\":\"\",\"_valueType\":\"string\",\"_hash\":\"e7f94a9422a8bc317a7d90b58efcb5f6\"}"},{"dataType":"ValueEntry","value":"{\"_name\":\"arkEnable\",\"_value\":true,\"_valueType\":\"boolean\",\"_hash\":\"750b4bda198545a67903dfb3f6a00a95\"}"},{"dataType":"ValueEntry","value":"{\"_name\":\"compileMode\",\"_value\":\"esmodule\",\"_valueType\":\"string\",\"_hash\":\"dacafc8e0b77a950178a0b4d142dc32c\"}"},{"dataType":"ValueEntry","value":"{\"_name\":\"dependency\",\"_value\":\"[]\",\"_valueType\":\"string\",\"_hash\":\"ac54f3d4ced2d4c1d666d40e4f7c454a\"}"},{"dataType":"ValueEntry","value":"{\"_name\":\"deviceTypes\",\"_value\":[\"default\",\"tablet\"],\"_valueType\":\"object\",\"_hash\":\"0342e19985c07130618d063695ce1f7c\"}"}],"_successful":true,"_projectName":"tiaozhuan","_moduleName":"entry","_taskName":"default@ProcessProfile","_key":":tiaozhuan:entry:default@ProcessProfile","_executionId":":tiaozhuan:entry:default@ProcessProfile:1699238694736","_inputFiles":{"dataType":"Map","value":[["C:\\software\\tiaozhuan\\entry\\build\\default\\intermediates\\merge_profile\\default\\module.json",{"fileSnapShotHashValue":"f06febd1c2cf8e05051c4de9b24ae0a8"}]]},"_outputFiles":{"dataType":"Map","value":[["C:\\software\\tiaozhuan\\entry\\build\\default\\intermediates\\process_profile\\default\\module.json",{"fileSnapShotHashValue":"5a0f7fa1fb66027fb664b3549fc5120b"}]]}},":tiaozhuan:entry:default@ProcessResource":{"_inputs":[{"dataType":"ValueEntry","value":"{\"_name\":\"BUILTIN_TASK_COMMAND\",\"_value\":\"\",\"_valueType\":\"string\",\"_hash\":\"0b5d05294fdf4e78e8482ef53eb64ac0\"}"},{"dataType":"ValueEntry","value":"{\"_name\":\"BUILTIN_TASK_ENV\",\"_value\":\"\",\"_valueType\":\"string\",\"_hash\":\"cdcdc2ec8062ca9ec1de46dbf2bbc053\"}"},{"dataType":"ValueEntry","value":"{\"_name\":\"BUILTIN_TASK_TOOLCHAIN\",\"_value\":\"\",\"_valueType\":\"string\",\"_hash\":\"e7f94a9422a8bc317a7d90b58efcb5f6\"}"},{"dataType":"ValueEntry","value":"{\"_name\":\"resConfigJsonContent\",\"_value\":\"{\\\"configPath\\\":\\\"C:\\\\\\\\software\\\\\\\\tiaozhuan\\\\\\\\entry\\\\\\\\build\\\\\\\\default\\\\\\\\intermediates\\\\\\\\process_profile\\\\\\\\default\\\\\\\\module.json\\\",\\\"packageName\\\":\\\"com.f21010639zhenghui.myapplication\\\",\\\"output\\\":\\\"C:\\\\\\\\software\\\\\\\\tiaozhuan\\\\\\\\entry\\\\\\\\build\\\\\\\\default\\\\\\\\intermediates\\\\\\\\res\\\\\\\\default\\\",\\\"moduleNames\\\":\\\"entry\\\",\\\"ResourceTable\\\":[\\\"C:\\\\\\\\software\\\\\\\\tiaozhuan\\\\\\\\entry\\\\\\\\build\\\\\\\\default\\\\\\\\generated\\\\\\\\r\\\\\\\\default\\\\\\\\ResourceTable.h\\\"],\\\"applicationResource\\\":\\\"C:\\\\\\\\software\\\\\\\\tiaozhuan\\\\\\\\AppScope\\\\\\\\resources\\\",\\\"moduleResources\\\":[\\\"C:\\\\\\\\software\\\\\\\\tiaozhuan\\\\\\\\entry\\\\\\\\src\\\\\\\\main\\\\\\\\resources\\\"],\\\"dependencies\\\":[]}\",\"_valueType\":\"string\",\"_hash\":\"c3ff5b494361764b672b8bbd22f46d7c\"}"}],"_successful":true,"_projectName":"tiaozhuan","_moduleName":"entry","_taskName":"default@ProcessResource","_key":":tiaozhuan:entry:default@ProcessResource","_executionId":":tiaozhuan:entry:default@ProcessResource:1699235990465","_inputFiles":{"dataType":"Map","value":[]},"_outputFiles":{"dataType":"Map","value":[["C:\\software\\tiaozhuan\\entry\\build\\default\\intermediates\\res\\default\\resConfig.json",{"isDirectory":false,"fileSnapShotHashValue":"c3db3b54a250ce57fdfceca19912a653"}]]}},":tiaozhuan:entry:default@ProcessLibs":{"_inputs":[{"dataType":"ValueEntry","value":"{\"_name\":\"BUILTIN_TASK_COMMAND\",\"_value\":\"\",\"_valueType\":\"string\",\"_hash\":\"0b5d05294fdf4e78e8482ef53eb64ac0\"}"},{"dataType":"ValueEntry","value":"{\"_name\":\"BUILTIN_TASK_ENV\",\"_value\":\"\",\"_valueType\":\"string\",\"_hash\":\"cdcdc2ec8062ca9ec1de46dbf2bbc053\"}"},{"dataType":"ValueEntry","value":"{\"_name\":\"BUILTIN_TASK_TOOLCHAIN\",\"_value\":\"\",\"_valueType\":\"string\",\"_hash\":\"e7f94a9422a8bc317a7d90b58efcb5f6\"}"}],"_successful":true,"_projectName":"tiaozhuan","_moduleName":"entry","_taskName":"default@ProcessLibs","_key":":tiaozhuan:entry:default@ProcessLibs","_executionId":":tiaozhuan:entry:default@ProcessLibs:1699235990474","_inputFiles":{"dataType":"Map","value":[]},"_outputFiles":{"dataType":"Map","value":[["C:\\software\\tiaozhuan\\entry\\build\\default\\intermediates\\libs\\default",{"isDirectory":true,"fileSnapShotHashValue":""}]]}},":tiaozhuan:entry:default@CompileResource":{"_inputs":[{"dataType":"ValueEntry","value":"{\"_name\":\"BUILTIN_TASK_COMMAND\",\"_value\":\"C:\\\\dev-3\\\\openharmony\\\\9\\\\toolchains\\\\restool.exe,-l,C:\\\\software\\\\tiaozhuan\\\\entry\\\\build\\\\default\\\\intermediates\\\\res\\\\default\\\\resConfig.json\",\"_valueType\":\"string\",\"_hash\":\"9fd3b154cd8352912c9aefebb8e9885b\"}"},{"dataType":"ValueEntry","value":"{\"_name\":\"BUILTIN_TASK_ENV\",\"_value\":\"\",\"_valueType\":\"string\",\"_hash\":\"cdcdc2ec8062ca9ec1de46dbf2bbc053\"}"},{"dataType":"ValueEntry","value":"{\"_name\":\"BUILTIN_TASK_TOOLCHAIN\",\"_value\":\"C:\\\\dev-3\\\\openharmony\\\\9\\\\toolchains\\\\restool.exe\",\"_valueType\":\"string\",\"_hash\":\"0262610dce8d6391d65948215fedbe5a\"}"},{"dataType":"ValueEntry","value":"{\"_name\":\"TARGET_CONFIG\",\"_value\":\"{\\\"name\\\":\\\"default\\\",\\\"runtimeOS\\\":\\\"HarmonyOS\\\"}\",\"_valueType\":\"string\",\"_hash\":\"d1734598343a94c88ec5404fdcdfa944\"}"}],"_successful":true,"_projectName":"tiaozhuan","_moduleName":"entry","_taskName":"default@CompileResource","_key":":tiaozhuan:entry:default@CompileResource","_executionId":":tiaozhuan:entry:default@CompileResource:1699238694972","_inputFiles":{"dataType":"Map","value":[["C:\\software\\tiaozhuan\\entry\\src\\main\\resources",{"fileSnapShotHashValue":"74d59baf713e01cbdb9a1395a87a31f1"}],["C:\\software\\tiaozhuan\\AppScope\\resources",{"fileSnapShotHashValue":"021a4c15bbacb219cfd171e6ff30de2b"}],["C:\\software\\tiaozhuan\\entry\\build\\default\\intermediates\\process_profile\\default\\module.json",{"isDirectory":false,"fileSnapShotHashValue":"5a0f7fa1fb66027fb664b3549fc5120b"}],["C:\\software\\tiaozhuan\\entry\\build\\default\\intermediates\\res\\default\\resConfig.json",{"isDirectory":false,"fileSnapShotHashValue":"c3db3b54a250ce57fdfceca19912a653"}]]},"_outputFiles":{"dataType":"Map","value":[["C:\\software\\tiaozhuan\\entry\\build\\default\\intermediates\\res\\default",{"isDirectory":true,"fileSnapShotHashValue":"a87849846ed615f64d985739aeb2edc6"}],["C:\\software\\tiaozhuan\\entry\\build\\default\\generated\\r\\default\\ResourceTable.h",{"isDirectory":false,"fileSnapShotHashValue":"b985d3956d92aa995b1ecd0cd722db02"}],["C:\\software\\tiaozhuan\\entry\\build\\default\\generated\\r\\default",{"isDirectory":true,"fileSnapShotHashValue":"8af264a77df37f287a76413d7e369311"}]]}},":tiaozhuan:entry:default@CompileArkTS":{"_inputs":[{"dataType":"ValueEntry","value":"{\"_name\":\"BUILTIN_TASK_COMMAND\",\"_value\":\"\",\"_valueType\":\"string\",\"_hash\":\"0b5d05294fdf4e78e8482ef53eb64ac0\"}"},{"dataType":"ValueEntry","value":"{\"_name\":\"BUILTIN_TASK_ENV\",\"_value\":\"\",\"_valueType\":\"string\",\"_hash\":\"cdcdc2ec8062ca9ec1de46dbf2bbc053\"}"},{"dataType":"ValueEntry","value":"{\"_name\":\"BUILTIN_TASK_TOOLCHAIN\",\"_value\":\"\",\"_valueType\":\"string\",\"_hash\":\"e7f94a9422a8bc317a7d90b58efcb5f6\"}"},{"dataType":"ValueEntry","value":"{\"_name\":\"arkTsWdiget\",\"_value\":false,\"_valueType\":\"boolean\",\"_hash\":\"b12526953df011fdbb1a10e071b0de01\"}"},{"dataType":"ValueEntry","value":"{\"_name\":\"debuggable\",\"_value\":true,\"_valueType\":\"boolean\",\"_hash\":\"9317e353a3dfc7a50e38661ad8ff5997\"}"},{"dataType":"ValueEntry","value":"{\"_name\":\"isArk\",\"_value\":true,\"_valueType\":\"boolean\",\"_hash\":\"17ecedf2dfb147b839a2b53bbdd3901b\"}"},{"dataType":"ValueEntry","value":"{\"_name\":\"needCoverageInsert\",\"_value\":false,\"_valueType\":\"boolean\",\"_hash\":\"581186029b4d8239f5770bb9c4a40772\"}"}],"_successful":true,"_projectName":"tiaozhuan","_moduleName":"entry","_taskName":"default@CompileArkTS","_key":":tiaozhuan:entry:default@CompileArkTS","_executionId":":tiaozhuan:entry:default@CompileArkTS:1699238695182","_inputFiles":{"dataType":"Map","value":[["C:\\software\\tiaozhuan\\entry\\build\\default\\intermediates\\loader\\default",{"isDirectory":true,"fileSnapShotHashValue":"ee5efb0c2468d6195cc32accde3e673d"}],["C:\\software\\tiaozhuan\\entry\\build\\default\\intermediates\\res\\default\\ResourceTable.txt",{"fileSnapShotHashValue":"c2e95296bbf379da2ddc80648f868bbd"}],["C:\\software\\tiaozhuan\\entry\\build\\default\\intermediates\\res\\default\\module.json",{"fileSnapShotHashValue":"a2e8bdad25c38d37843e615a39764369"}],["C:\\software\\tiaozhuan\\entry\\build\\default\\intermediates\\res\\default\\resources\\base\\profile",{"isDirectory":true,"fileSnapShotHashValue":"553c0600a28370a85f97fbf50e8f3b1f"}],["C:\\software\\tiaozhuan\\entry\\src\\main\\ets",{"isDirectory":true,"fileSnapShotHashValue":"eb066a2d75cfce8e05245e56a5451aa6"}]]},"_outputFiles":{"dataType":"Map","value":[["C:\\software\\tiaozhuan\\entry\\build\\default\\intermediates\\loader_out\\default\\ets",{"isDirectory":true,"fileSnapShotHashValue":"1e1e224d0772d0bf4ce07ce008f71b49"}]]}},":tiaozhuan:entry:default@CompileJS":{"_inputs":[{"dataType":"ValueEntry","value":"{\"_name\":\"debuggable\",\"_value\":true,\"_valueType\":\"boolean\"}"},{"dataType":"ValueEntry","value":"{\"_name\":\"isArk\",\"_value\":true,\"_valueType\":\"boolean\"}"},{"dataType":"ValueEntry","value":"{\"_name\":\"needCoverageInsert\",\"_value\":false,\"_valueType\":\"boolean\"}"},{"dataType":"ValueEntry","value":"{\"_name\":\"BUILTIN_TASK_COMMAND\",\"_value\":\"\",\"_valueType\":\"string\"}"},{"dataType":"ValueEntry","value":"{\"_name\":\"BUILTIN_TASK_TOOLCHAIN\",\"_value\":\"\",\"_valueType\":\"string\"}"},{"dataType":"ValueEntry","value":"{\"_name\":\"BUILTIN_TASK_ENV\",\"_value\":\"\",\"_valueType\":\"string\"}"}],"_successful":true,"_projectName":"tiaozhuan","_moduleName":"entry","_taskName":"default@CompileJS","_key":":tiaozhuan:entry:default@CompileJS","_executionId":":tiaozhuan:entry:default@CompileJS:1699239799838","_inputFiles":{"dataType":"Map","value":[["C:\\software\\tiaozhuan\\entry\\build\\default\\intermediates\\loader\\default",{"isDirectory":true,"fileSnapShotHashValue":"ee5efb0c2468d6195cc32accde3e673d"}],["C:\\software\\tiaozhuan\\entry\\build\\default\\intermediates\\res\\default\\ResourceTable.txt",{"fileSnapShotHashValue":"c2e95296bbf379da2ddc80648f868bbd"}],["C:\\software\\tiaozhuan\\entry\\build\\default\\intermediates\\res\\default\\module.json",{"fileSnapShotHashValue":"a2e8bdad25c38d37843e615a39764369"}],["C:\\software\\tiaozhuan\\entry\\build\\default\\intermediates\\res\\default\\resources\\base\\profile",{"isDirectory":true,"fileSnapShotHashValue":"553c0600a28370a85f97fbf50e8f3b1f"}]]},"_outputFiles":{"dataType":"Map","value":[["C:\\software\\tiaozhuan\\entry\\build\\default\\intermediates\\loader_out\\default\\js",{"isDirectory":true,"fileSnapShotHashValue":""}]]}},":tiaozhuan:entry:default@PackageHap":{"_inputs":[{"dataType":"ValueEntry","value":"{\"_name\":\"BUILTIN_TASK_COMMAND\",\"_value\":\"java,-Dfile.encoding=utf-8,-jar,C:\\\\dev-3\\\\openharmony\\\\9\\\\toolchains\\\\lib\\\\app_packing_tool.jar,--mode,hap,--force,true,--lib-path,C:\\\\software\\\\tiaozhuan\\\\entry\\\\build\\\\default\\\\intermediates\\\\libs\\\\default,--json-path,C:\\\\software\\\\tiaozhuan\\\\entry\\\\build\\\\default\\\\intermediates\\\\res\\\\default\\\\module.json,--resources-path,C:\\\\software\\\\tiaozhuan\\\\entry\\\\build\\\\default\\\\intermediates\\\\res\\\\default\\\\resources,--index-path,C:\\\\software\\\\tiaozhuan\\\\entry\\\\build\\\\default\\\\intermediates\\\\res\\\\default\\\\resources.index,--pack-info-path,C:\\\\software\\\\tiaozhuan\\\\entry\\\\build\\\\default\\\\outputs\\\\default\\\\pack.info,--out-path,C:\\\\software\\\\tiaozhuan\\\\entry\\\\build\\\\default\\\\outputs\\\\default\\\\entry-default-unsigned.hap,--ets-path,C:\\\\software\\\\tiaozhuan\\\\entry\\\\build\\\\default\\\\intermediates\\\\loader_out\\\\default\\\\ets\",\"_valueType\":\"string\",\"_hash\":\"1b43854d4f66810f587055ad169acc1a\"}"},{"dataType":"ValueEntry","value":"{\"_name\":\"BUILTIN_TASK_ENV\",\"_value\":\"\",\"_valueType\":\"string\",\"_hash\":\"cdcdc2ec8062ca9ec1de46dbf2bbc053\"}"},{"dataType":"ValueEntry","value":"{\"_name\":\"BUILTIN_TASK_TOOLCHAIN\",\"_value\":\"C:\\\\dev-3\\\\openharmony\\\\9\\\\toolchains\\\\lib\\\\app_packing_tool.jar\",\"_valueType\":\"string\",\"_hash\":\"dd195fbe3e98542c07b61d994ef246f4\"}"},{"dataType":"ValueEntry","value":"{\"_name\":\"hotReload\",\"_value\":false,\"_valueType\":\"boolean\",\"_hash\":\"5ac751c77a9acfe5e8b96c28ebdbaeed\"}"}],"_successful":true,"_projectName":"tiaozhuan","_moduleName":"entry","_taskName":"default@PackageHap","_key":":tiaozhuan:entry:default@PackageHap","_executionId":":tiaozhuan:entry:default@PackageHap:1699238704396","_inputFiles":{"dataType":"Map","value":[["C:\\software\\tiaozhuan\\entry\\build\\default\\intermediates\\libs\\default",{"isDirectory":false,"fileSnapShotHashValue":""}],["C:\\software\\tiaozhuan\\entry\\build\\default\\intermediates\\res\\default\\module.json",{"isDirectory":false,"fileSnapShotHashValue":"a2e8bdad25c38d37843e615a39764369"}],["C:\\software\\tiaozhuan\\entry\\build\\default\\intermediates\\res\\default\\resources",{"isDirectory":false,"fileSnapShotHashValue":"43782205be9c77d68869ca4bb14cbe08"}],["C:\\software\\tiaozhuan\\entry\\build\\default\\intermediates\\res\\default\\resources.index",{"isDirectory":false,"fileSnapShotHashValue":"de34bf56d433ac9c3d2c3a530e7d399c"}],["C:\\software\\tiaozhuan\\entry\\build\\default\\outputs\\default\\pack.info",{"isDirectory":false,"fileSnapShotHashValue":"94a2df66bac9da2fbf302c96158071e7"}],["C:\\software\\tiaozhuan\\entry\\build\\default\\intermediates\\loader_out\\default\\ets",{"isDirectory":false,"fileSnapShotHashValue":"1e1e224d0772d0bf4ce07ce008f71b49"}]]},"_outputFiles":{"dataType":"Map","value":[["C:\\software\\tiaozhuan\\entry\\build\\default\\outputs\\default\\entry-default-unsigned.hap",{"isDirectory":false,"fileSnapShotHashValue":"d01d570c3640592e7be58b63423cb88b"}]]}},":tiaozhuan:entry:default@SignHap":{"_inputs":[{"dataType":"ValueEntry","value":"{\"_name\":\"BUILTIN_TASK_COMMAND\",\"_value\":\"\",\"_valueType\":\"string\",\"_hash\":\"0b5d05294fdf4e78e8482ef53eb64ac0\"}"},{"dataType":"ValueEntry","value":"{\"_name\":\"BUILTIN_TASK_ENV\",\"_value\":\"\",\"_valueType\":\"string\",\"_hash\":\"cdcdc2ec8062ca9ec1de46dbf2bbc053\"}"},{"dataType":"ValueEntry","value":"{\"_name\":\"BUILTIN_TASK_TOOLCHAIN\",\"_value\":\"\",\"_valueType\":\"string\",\"_hash\":\"e7f94a9422a8bc317a7d90b58efcb5f6\"}"},{"dataType":"ValueEntry","value":"{\"_name\":\"existMaterial\",\"_value\":true,\"_valueType\":\"boolean\",\"_hash\":\"93dc57ba6785b4754ab913cd6a94a2d4\"}"},{"dataType":"ValueEntry","value":"{\"_name\":\"existSigningConfig\",\"_value\":true,\"_valueType\":\"boolean\",\"_hash\":\"0a625026bbf59499155e2fd8a2f97c6e\"}"},{"dataType":"ValueEntry","value":"{\"_name\":\"sdkToolchainsComponentVersion\",\"_value\":\"3.2.12.5\",\"_valueType\":\"string\",\"_hash\":\"cc722e03b3384cc9b37c649e4134fc99\"}"},{"dataType":"ValueEntry","value":"{\"_name\":\"signingConfig_keyAlias\",\"_value\":\"debugKey\",\"_valueType\":\"string\",\"_hash\":\"4c07b0ee3239f12b1e68b46f50f552cb\"}"},{"dataType":"ValueEntry","value":"{\"_name\":\"signingConfig_keyPassword\",\"_value\":\"0000001B7E01D521798397AA0A9F4FCAD0AD8C264EEE0CDBE3974DF1B9329ABBA8772B7C9E0E09465BF86A\",\"_valueType\":\"string\",\"_hash\":\"952aae0287fc021b61552aff7bd2e530\"}"},{"dataType":"ValueEntry","value":"{\"_name\":\"signingConfig_name\",\"_value\":\"default\",\"_valueType\":\"string\",\"_hash\":\"8b60e376556ce51d68b5485c5f79822c\"}"},{"dataType":"ValueEntry","value":"{\"_name\":\"signingConfig_signAlg\",\"_value\":\"SHA256withECDSA\",\"_valueType\":\"string\",\"_hash\":\"6914b6129327418a0e5596a96e0d04c2\"}"},{"dataType":"ValueEntry","value":"{\"_name\":\"signingConfig_storePassword\",\"_value\":\"0000001B3057990FFCBEFD56F554FACADF1BB32BC06009FB2AFE76ACE4DCA32E883778C1F2EE5C1F0298AE\",\"_valueType\":\"string\",\"_hash\":\"86c34911ebed4dc7d51be18abddf27d6\"}"},{"dataType":"ValueEntry","value":"{\"_name\":\"signingConfig_type\",\"_value\":\"HarmonyOS\",\"_valueType\":\"string\",\"_hash\":\"7d6077786f4ba499719f9cf052004f2a\"}"}],"_successful":true,"_projectName":"tiaozhuan","_moduleName":"entry","_taskName":"default@SignHap","_key":":tiaozhuan:entry:default@SignHap","_executionId":":tiaozhuan:entry:default@SignHap:1699238705586","_inputFiles":{"dataType":"Map","value":[["C:\\Users\\学习资料\\.ohos\\config\\auto_debug_tiaozhuan_com.f21010639zhenghui.myapplication_70086200302367334.cer",{"isDirectory":false,"fileSnapShotHashValue":"a967c581d6dc2e747a3520592d868a0b"}],["C:\\Users\\学习资料\\.ohos\\config\\auto_debug_tiaozhuan_com.f21010639zhenghui.myapplication_70086200302367334.p7b",{"isDirectory":false,"fileSnapShotHashValue":"0ea9d700c572452f3327c23d81ef7ac3"}],["C:\\Users\\学习资料\\.ohos\\config\\auto_debug_tiaozhuan_com.f21010639zhenghui.myapplication_70086200302367334.p12",{"isDirectory":false,"fileSnapShotHashValue":"a7d6a537f32b6175941b14bc238fc796"}],["C:\\software\\tiaozhuan\\entry\\build\\default\\outputs\\default\\entry-default-unsigned.hap",{"isDirectory":false,"fileSnapShotHashValue":"d01d570c3640592e7be58b63423cb88b"}]]},"_outputFiles":{"dataType":"Map","value":[["C:\\software\\tiaozhuan\\entry\\build\\default\\outputs\\default\\entry-default-signed.hap",{"isDirectory":false,"fileSnapShotHashValue":"7e23e962fdddbe4d81e3e1369d294a4f"}]]}}}