{
  "ohos-module-entry": {
    "SELECT_TARGET": "default",
    "MODULE_BUILD_DIR": "C:\\software\\tiaozhuan\\entry\\build",
    "TARGETS": {
      "default": {
        "SOURCE_ROOT": "C:\\software\\tiaozhuan\\entry\\src\\main",
        "RESOURCES_PATH": [
          "C:\\software\\tiaozhuan\\entry\\src\\main\\resources"
        ],
        "BUILD_PATH": {
          "OUTPUT_PATH": "C:\\software\\tiaozhuan\\entry\\build\\default\\outputs\\default",
          "INTERMEDIA_PATH": "C:\\software\\tiaozhuan\\entry\\build\\default\\intermediates",
          "JS_ASSETS_PATH": "C:\\software\\tiaozhuan\\entry\\build\\default\\intermediates\\loader_out\\default",
          "JS_LITE_ASSETS_PATH": "C:\\software\\tiaozhuan\\entry\\build\\default\\intermediates\\loader_out_lite\\default",
          "RES_PATH": "C:\\software\\tiaozhuan\\entry\\build\\default\\intermediates\\res\\default",
          "RES_PROFILE_PATH": "C:\\software\\tiaozhuan\\entry\\build\\default\\intermediates\\res\\default\\resources\\base\\profile",
          "ETS_SUPER_VISUAL_PATH": "C:\\software\\tiaozhuan\\entry\\build\\default\\cache\\default\\default@CompileArkTS\\esmodule",
          "JS_SUPER_VISUAL_PATH": "C:\\software\\tiaozhuan\\entry\\build\\default\\cache\\default\\default@CompileJS\\jsbundle",
          "WORKER_LOADER": "C:\\software\\tiaozhuan\\entry\\build\\default\\intermediates\\loader\\default\\loader.json",
          "MANIFEST_JSON": "C:\\software\\tiaozhuan\\entry\\build\\default\\intermediates\\manifest\\default",
          "OUTPUT_METADATA_JSON": "C:\\software\\tiaozhuan\\entry\\build\\default\\intermediates\\hap_metadata\\default\\output_metadata.json"
        }
      },
      "ohosTest": {
        "SOURCE_ROOT": "C:\\software\\tiaozhuan\\entry\\src\\ohosTest",
        "RESOURCES_PATH": [
          "C:\\software\\tiaozhuan\\entry\\src\\ohosTest\\resources"
        ],
        "BUILD_PATH": {
          "OUTPUT_PATH": "C:\\software\\tiaozhuan\\entry\\build\\default\\outputs\\ohosTest",
          "INTERMEDIA_PATH": "C:\\software\\tiaozhuan\\entry\\build\\default\\intermediates",
          "JS_ASSETS_PATH": "C:\\software\\tiaozhuan\\entry\\build\\default\\intermediates\\loader_out\\ohosTest",
          "JS_LITE_ASSETS_PATH": "C:\\software\\tiaozhuan\\entry\\build\\default\\intermediates\\loader_out_lite\\ohosTest",
          "RES_PATH": "C:\\software\\tiaozhuan\\entry\\build\\default\\intermediates\\res\\ohosTest",
          "RES_PROFILE_PATH": "C:\\software\\tiaozhuan\\entry\\build\\default\\intermediates\\res\\ohosTest\\resources\\base\\profile",
          "ETS_SUPER_VISUAL_PATH": "C:\\software\\tiaozhuan\\entry\\build\\default\\cache\\ohosTest\\ohosTest@CompileArkTS\\esmodule",
          "JS_SUPER_VISUAL_PATH": "C:\\software\\tiaozhuan\\entry\\build\\default\\cache\\ohosTest\\ohosTest@CompileJS\\jsbundle",
          "WORKER_LOADER": "C:\\software\\tiaozhuan\\entry\\build\\default\\intermediates\\loader\\ohosTest\\loader.json",
          "MANIFEST_JSON": "C:\\software\\tiaozhuan\\entry\\build\\default\\intermediates\\manifest\\ohosTest",
          "OUTPUT_METADATA_JSON": "C:\\software\\tiaozhuan\\entry\\build\\default\\intermediates\\hap_metadata\\ohosTest\\output_metadata.json"
        }
      }
    }
  },
  "ohos-project": {
    "SELECT_PRODUCT_NAME": "default",
    "MODULE_BUILD_DIR": "C:\\software\\tiaozhuan\\build",
    "BUNDLE_NAME": "com.f21010639zhenghui.myapplication",
    "BUILD_PATH": {
      "OUTPUT_PATH": "C:\\software\\tiaozhuan\\build\\outputs\\default"
    }
  },
  "version": 1
}